No.	日付	海域	マス	出撃	ランク	敵艦隊	提督レベル	自陣形	敵陣形	自索敵	敵索敵	制空権	会敵	自触接	敵触接	自照明弾	敵照明弾	航空隊	攻撃順	基地自触接	基地敵触接	第1中隊	第1機数	第2中隊	第2機数	第3中隊	第3機数	第4中隊	第4機数	ステージ1.自艦載機総数	ステージ1.自艦載機喪失数	ステージ1.敵艦載機総数	ステージ1.敵艦載機喪失数	ステージ2.自艦載機総数	ステージ2.自艦載機喪失数	ステージ2.敵艦載機総数	ステージ2.敵艦載機喪失数	攻撃艦1.ID	攻撃艦1.名前	攻撃艦1.Lv	攻撃艦2.ID	攻撃艦2.名前	攻撃艦2.Lv	攻撃艦3.ID	攻撃艦3.名前	攻撃艦3.Lv	攻撃艦4.ID	攻撃艦4.名前	攻撃艦4.Lv	攻撃艦5.ID	攻撃艦5.名前	攻撃艦5.Lv	攻撃艦6.ID	攻撃艦6.名前	攻撃艦6.Lv	攻撃艦7.ID	攻撃艦7.名前	攻撃艦7.Lv	雷撃合計	爆撃合計	雷撃	爆撃	クリティカル	ダメージ	かばう	防御艦.編成順	防御艦.ID	防御艦.名前	防御艦.種別	防御艦.疲労	防御艦.残耐久	防御艦.最大耐久	防御艦.損傷	防御艦.残燃料	防御艦.最大燃料	防御艦.残弾薬	防御艦.最大弾薬	防御艦.Lv	防御艦.速力	防御艦.火力	防御艦.雷装	防御艦.対空	防御艦.装甲	防御艦.回避	防御艦.対潜	防御艦.索敵	防御艦.運	防御艦.射程	防御艦.装備1.名前	防御艦.装備1.改修	防御艦.装備1.熟練度	防御艦.装備1.搭載数	防御艦.装備2.名前	防御艦.装備2.改修	防御艦.装備2.熟練度	防御艦.装備2.搭載数	防御艦.装備3.名前	防御艦.装備3.改修	防御艦.装備3.熟練度	防御艦.装備3.搭載数	防御艦.装備4.名前	防御艦.装備4.改修	防御艦.装備4.熟練度	防御艦.装備4.搭載数	防御艦.装備5.名前	防御艦.装備5.改修	防御艦.装備5.熟練度	防御艦.装備5.搭載数	防御艦.装備6.名前	防御艦.装備6.改修	防御艦.装備6.熟練度	防御艦.装備6.搭載数
1	2023-08-17 13:47:14	KW環礁沖海域	マップ:6-5 セル:13	ボス	勝利S	任務部隊 主力群	120	単縦陣	第三警戒航行序列	発見!	発見!	航空互角	反航戦					1	1			二式陸上偵察機(熟練)	4	零式艦戦32型(台南空)	18	零式艦戦22型(251空)	18	Do 217 E-5+Hs293初期型	18	58	11	277	69	14	9	0	0	576	Nelson改	155	547	多摩改二	136	916	大和改二重	136	537	涼月改	149	553	伊勢改二	154	428	摩耶改二	137				1	0	0	0	0	0	0	1	1586	空母棲姫	正規空母		350	350	小破未満		0		0	1	高速	180	13	162	150	2	14	20	0	超短	深海猫艦戦				深海地獄艦爆				深海復讐艦攻				深海対空レーダ―											
2	2023-08-17 13:47:14	KW環礁沖海域	マップ:6-5 セル:13	ボス	勝利S	任務部隊 主力群	120	単縦陣	第三警戒航行序列	発見!	発見!	航空互角	反航戦					1	1			二式陸上偵察機(熟練)	4	零式艦戦32型(台南空)	18	零式艦戦22型(251空)	18	Do 217 E-5+Hs293初期型	18	58	11	277	69	14	9	0	0	576	Nelson改	155	547	多摩改二	136	916	大和改二重	136	537	涼月改	149	553	伊勢改二	154	428	摩耶改二	137				1	0	1	0	0	21	0	2	1615	空母ヲ級 flagship	正規空母		96	96	小破未満		0		0	1	高速	25	32	72	80	2	26	17	0	超短	深海猫艦戦改				深海地獄艦爆改				深海復讐艦攻改				深海復讐艦攻改											
3	2023-08-17 13:47:14	KW環礁沖海域	マップ:6-5 セル:13	ボス	勝利S	任務部隊 主力群	120	単縦陣	第三警戒航行序列	発見!	発見!	航空互角	反航戦					1	1			二式陸上偵察機(熟練)	4	零式艦戦32型(台南空)	18	零式艦戦22型(251空)	18	Do 217 E-5+Hs293初期型	18	58	11	277	69	14	9	0	0	576	Nelson改	155	547	多摩改二	136	916	大和改二重	136	537	涼月改	149	553	伊勢改二	154	428	摩耶改二	137				1	0	0	0	0	0	0	3	1527	重巡リ級 flagship	重巡洋艦		76	76	小破未満		0		0	1	高速	79	58	46	70	0	1	5	0	中	8inch三連装砲				6inch連装速射砲				高速深海魚雷				深海棲艦偵察機											
4	2023-08-17 13:47:14	KW環礁沖海域	マップ:6-5 セル:13	ボス	勝利S	任務部隊 主力群	120	単縦陣	第三警戒航行序列	発見!	発見!	航空互角	反航戦					1	1			二式陸上偵察機(熟練)	4	零式艦戦32型(台南空)	18	零式艦戦22型(251空)	18	Do 217 E-5+Hs293初期型	18	58	11	277	69	14	9	0	0	576	Nelson改	155	547	多摩改二	136	916	大和改二重	136	537	涼月改	149	553	伊勢改二	154	428	摩耶改二	137				1	0	0	0	0	0	0	4	1592	軽巡ツ級 elite	軽巡洋艦		66	66	小破未満		0		0	1	高速	68	92	115	68	0	17	5	0	中	5inch連装両用莢砲				5inch連装両用莢砲				深海ソナー Mk.II				深海棲艦偵察機											
5	2023-08-17 13:47:14	KW環礁沖海域	マップ:6-5 セル:13	ボス	勝利S	任務部隊 主力群	120	単縦陣	第三警戒航行序列	発見!	発見!	航空互角	反航戦					1	1			二式陸上偵察機(熟練)	4	零式艦戦32型(台南空)	18	零式艦戦22型(251空)	18	Do 217 E-5+Hs293初期型	18	58	11	277	69	14	9	0	0	576	Nelson改	155	547	多摩改二	136	916	大和改二重	136	537	涼月改	149	553	伊勢改二	154	428	摩耶改二	137				1	0	0	0	0	0	0	5	1576	駆逐ロ級後期型	駆逐艦		37	37	小破未満		0		0	1	高速	40	66	32	26	0	23	0	0	短	5inch連装砲				深海ソナー Mk.II				深海爆雷投射機															
6	2023-08-17 13:47:14	KW環礁沖海域	マップ:6-5 セル:13	ボス	勝利S	任務部隊 主力群	120	単縦陣	第三警戒航行序列	発見!	発見!	航空互角	反航戦					1	1			二式陸上偵察機(熟練)	4	零式艦戦32型(台南空)	18	零式艦戦22型(251空)	18	Do 217 E-5+Hs293初期型	18	58	11	277	69	14	9	0	0	576	Nelson改	155	547	多摩改二	136	916	大和改二重	136	537	涼月改	149	553	伊勢改二	154	428	摩耶改二	137				1	0	0	0	0	0	0	6	1576	駆逐ロ級後期型	駆逐艦		37	37	小破未満		0		0	1	高速	40	66	32	26	0	23	0	0	短	5inch連装砲				深海ソナー Mk.II				深海爆雷投射機															
7	2023-08-17 13:47:14	KW環礁沖海域	マップ:6-5 セル:13	ボス	勝利S	任務部隊 主力群	120	単縦陣	第三警戒航行序列	発見!	発見!	航空互角	反航戦					1	1			二式陸上偵察機(熟練)	4	零式艦戦32型(台南空)	18	零式艦戦22型(251空)	18	Do 217 E-5+Hs293初期型	18	58	11	277	69	14	9	0	0	576	Nelson改	155	547	多摩改二	136	916	大和改二重	136	537	涼月改	149	553	伊勢改二	154	428	摩耶改二	137				1	0	0	0	0	0	0	7	1555	軽巡ヘ級 flagship	軽巡洋艦		57	57	小破未満		0		0	1	高速	51	80	34	39	0	17	5	0	中	6inch連装速射砲				深海棲艦偵察機				深海爆雷投射機				深海ソナー											
8	2023-08-17 13:47:14	KW環礁沖海域	マップ:6-5 セル:13	ボス	勝利S	任務部隊 主力群	120	単縦陣	第三警戒航行序列	発見!	発見!	航空互角	反航戦					1	1			二式陸上偵察機(熟練)	4	零式艦戦32型(台南空)	18	零式艦戦22型(251空)	18	Do 217 E-5+Hs293初期型	18	58	11	277	69	14	9	0	0	576	Nelson改	155	547	多摩改二	136	916	大和改二重	136	537	涼月改	149	553	伊勢改二	154	428	摩耶改二	137				1	0	0	0	0	0	0	8	1527	重巡リ級 flagship	重巡洋艦		76	76	小破未満		0		0	1	高速	79	58	46	70	0	1	5	0	中	8inch三連装砲				6inch連装速射砲				高速深海魚雷				深海棲艦偵察機											
9	2023-08-17 13:47:14	KW環礁沖海域	マップ:6-5 セル:13	ボス	勝利S	任務部隊 主力群	120	単縦陣	第三警戒航行序列	発見!	発見!	航空互角	反航戦					1	1			二式陸上偵察機(熟練)	4	零式艦戦32型(台南空)	18	零式艦戦22型(251空)	18	Do 217 E-5+Hs293初期型	18	58	11	277	69	14	9	0	0	576	Nelson改	155	547	多摩改二	136	916	大和改二重	136	537	涼月改	149	553	伊勢改二	154	428	摩耶改二	137				1	0	0	0	0	0	0	9	1575	駆逐イ級後期型	駆逐艦		35	35	小破未満		0		0	1	高速	40	60	30	22	0	23	0	0	短	5inch連装砲				深海ソナー Mk.II				深海爆雷投射機															
10	2023-08-17 13:47:14	KW環礁沖海域	マップ:6-5 セル:13	ボス	勝利S	任務部隊 主力群	120	単縦陣	第三警戒航行序列	発見!	発見!	航空互角	反航戦					1	1			二式陸上偵察機(熟練)	4	零式艦戦32型(台南空)	18	零式艦戦22型(251空)	18	Do 217 E-5+Hs293初期型	18	58	11	277	69	14	9	0	0	576	Nelson改	155	547	多摩改二	136	916	大和改二重	136	537	涼月改	149	553	伊勢改二	154	428	摩耶改二	137				1	0	0	0	0	0	0	10	1575	駆逐イ級後期型	駆逐艦		35	35	小破未満		0		0	1	高速	40	60	30	22	0	23	0	0	短	5inch連装砲				深海ソナー Mk.II				深海爆雷投射機															
11	2023-08-17 13:47:14	KW環礁沖海域	マップ:6-5 セル:13	ボス	勝利S	任務部隊 主力群	120	単縦陣	第三警戒航行序列	発見!	発見!	航空互角	反航戦					1	1			二式陸上偵察機(熟練)	4	零式艦戦32型(台南空)	18	零式艦戦22型(251空)	18	Do 217 E-5+Hs293初期型	18	58	11	277	69	14	9	0	0	576	Nelson改	155	547	多摩改二	136	916	大和改二重	136	537	涼月改	149	553	伊勢改二	154	428	摩耶改二	137				1	0	0	0	0	0	0	11	1575	駆逐イ級後期型	駆逐艦		35	35	小破未満		0		0	1	高速	40	60	30	22	0	23	0	0	短	5inch連装砲				深海ソナー Mk.II				深海爆雷投射機															
12	2023-08-17 13:47:14	KW環礁沖海域	マップ:6-5 セル:13	ボス	勝利S	任務部隊 主力群	120	単縦陣	第三警戒航行序列	発見!	発見!	航空互角	反航戦					1	1			二式陸上偵察機(熟練)	4	零式艦戦32型(台南空)	18	零式艦戦22型(251空)	18	Do 217 E-5+Hs293初期型	18	58	11	277	69	14	9	0	0	576	Nelson改	155	547	多摩改二	136	916	大和改二重	136	537	涼月改	149	553	伊勢改二	154	428	摩耶改二	137				1	0	0	0	0	0	0	12	1575	駆逐イ級後期型	駆逐艦		35	35	小破未満		0		0	1	高速	40	60	30	22	0	23	0	0	短	5inch連装砲				深海ソナー Mk.II				深海爆雷投射機															
13	2023-08-17 13:47:14	KW環礁沖海域	マップ:6-5 セル:13	ボス	勝利S	任務部隊 主力群	120	単縦陣	第三警戒航行序列	発見!	発見!	航空互角	反航戦					1	2			二式陸上偵察機(熟練)	4	零式艦戦32型(台南空)	18	零式艦戦22型(251空)	18	Do 217 E-5+Hs293初期型	18	58	11	208	61	14	3	0	0	576	Nelson改	155	547	多摩改二	136	916	大和改二重	136	537	涼月改	149	553	伊勢改二	154	428	摩耶改二	137				1	0	0	0	0	0	0	1	1586	空母棲姫	正規空母		350	350	小破未満		0		0	1	高速	180	13	162	150	2	14	20	0	超短	深海猫艦戦				深海地獄艦爆				深海復讐艦攻				深海対空レーダ―											
14	2023-08-17 13:47:14	KW環礁沖海域	マップ:6-5 セル:13	ボス	勝利S	任務部隊 主力群	120	単縦陣	第三警戒航行序列	発見!	発見!	航空互角	反航戦					1	2			二式陸上偵察機(熟練)	4	零式艦戦32型(台南空)	18	零式艦戦22型(251空)	18	Do 217 E-5+Hs293初期型	18	58	11	208	61	14	3	0	0	576	Nelson改	155	547	多摩改二	136	916	大和改二重	136	537	涼月改	149	553	伊勢改二	154	428	摩耶改二	137				1	0	0	0	0	0	0	2	1615	空母ヲ級 flagship	正規空母		75	96	小破未満		0		0	1	高速	25	32	72	80	2	26	17	0	超短	深海猫艦戦改				深海地獄艦爆改				深海復讐艦攻改				深海復讐艦攻改											
15	2023-08-17 13:47:14	KW環礁沖海域	マップ:6-5 セル:13	ボス	勝利S	任務部隊 主力群	120	単縦陣	第三警戒航行序列	発見!	発見!	航空互角	反航戦					1	2			二式陸上偵察機(熟練)	4	零式艦戦32型(台南空)	18	零式艦戦22型(251空)	18	Do 217 E-5+Hs293初期型	18	58	11	208	61	14	3	0	0	576	Nelson改	155	547	多摩改二	136	916	大和改二重	136	537	涼月改	149	553	伊勢改二	154	428	摩耶改二	137				1	0	0	0	0	0	0	3	1527	重巡リ級 flagship	重巡洋艦		76	76	小破未満		0		0	1	高速	79	58	46	70	0	1	5	0	中	8inch三連装砲				6inch連装速射砲				高速深海魚雷				深海棲艦偵察機											
16	2023-08-17 13:47:14	KW環礁沖海域	マップ:6-5 セル:13	ボス	勝利S	任務部隊 主力群	120	単縦陣	第三警戒航行序列	発見!	発見!	航空互角	反航戦					1	2			二式陸上偵察機(熟練)	4	零式艦戦32型(台南空)	18	零式艦戦22型(251空)	18	Do 217 E-5+Hs293初期型	18	58	11	208	61	14	3	0	0	576	Nelson改	155	547	多摩改二	136	916	大和改二重	136	537	涼月改	149	553	伊勢改二	154	428	摩耶改二	137				1	0	0	0	0	0	0	4	1592	軽巡ツ級 elite	軽巡洋艦		66	66	小破未満		0		0	1	高速	68	92	115	68	0	17	5	0	中	5inch連装両用莢砲				5inch連装両用莢砲				深海ソナー Mk.II				深海棲艦偵察機											
17	2023-08-17 13:47:14	KW環礁沖海域	マップ:6-5 セル:13	ボス	勝利S	任務部隊 主力群	120	単縦陣	第三警戒航行序列	発見!	発見!	航空互角	反航戦					1	2			二式陸上偵察機(熟練)	4	零式艦戦32型(台南空)	18	零式艦戦22型(251空)	18	Do 217 E-5+Hs293初期型	18	58	11	208	61	14	3	0	0	576	Nelson改	155	547	多摩改二	136	916	大和改二重	136	537	涼月改	149	553	伊勢改二	154	428	摩耶改二	137				1	0	0	0	0	0	0	5	1576	駆逐ロ級後期型	駆逐艦		37	37	小破未満		0		0	1	高速	40	66	32	26	0	23	0	0	短	5inch連装砲				深海ソナー Mk.II				深海爆雷投射機															
18	2023-08-17 13:47:14	KW環礁沖海域	マップ:6-5 セル:13	ボス	勝利S	任務部隊 主力群	120	単縦陣	第三警戒航行序列	発見!	発見!	航空互角	反航戦					1	2			二式陸上偵察機(熟練)	4	零式艦戦32型(台南空)	18	零式艦戦22型(251空)	18	Do 217 E-5+Hs293初期型	18	58	11	208	61	14	3	0	0	576	Nelson改	155	547	多摩改二	136	916	大和改二重	136	537	涼月改	149	553	伊勢改二	154	428	摩耶改二	137				1	0	0	0	0	0	0	6	1576	駆逐ロ級後期型	駆逐艦		37	37	小破未満		0		0	1	高速	40	66	32	26	0	23	0	0	短	5inch連装砲				深海ソナー Mk.II				深海爆雷投射機															
19	2023-08-17 13:47:14	KW環礁沖海域	マップ:6-5 セル:13	ボス	勝利S	任務部隊 主力群	120	単縦陣	第三警戒航行序列	発見!	発見!	航空互角	反航戦					1	2			二式陸上偵察機(熟練)	4	零式艦戦32型(台南空)	18	零式艦戦22型(251空)	18	Do 217 E-5+Hs293初期型	18	58	11	208	61	14	3	0	0	576	Nelson改	155	547	多摩改二	136	916	大和改二重	136	537	涼月改	149	553	伊勢改二	154	428	摩耶改二	137				1	0	0	0	0	0	0	7	1555	軽巡ヘ級 flagship	軽巡洋艦		57	57	小破未満		0		0	1	高速	51	80	34	39	0	17	5	0	中	6inch連装速射砲				深海棲艦偵察機				深海爆雷投射機				深海ソナー											
20	2023-08-17 13:47:14	KW環礁沖海域	マップ:6-5 セル:13	ボス	勝利S	任務部隊 主力群	120	単縦陣	第三警戒航行序列	発見!	発見!	航空互角	反航戦					1	2			二式陸上偵察機(熟練)	4	零式艦戦32型(台南空)	18	零式艦戦22型(251空)	18	Do 217 E-5+Hs293初期型	18	58	11	208	61	14	3	0	0	576	Nelson改	155	547	多摩改二	136	916	大和改二重	136	537	涼月改	149	553	伊勢改二	154	428	摩耶改二	137				1	0	0	0	0	0	0	8	1527	重巡リ級 flagship	重巡洋艦		76	76	小破未満		0		0	1	高速	79	58	46	70	0	1	5	0	中	8inch三連装砲				6inch連装速射砲				高速深海魚雷				深海棲艦偵察機											
21	2023-08-17 13:47:14	KW環礁沖海域	マップ:6-5 セル:13	ボス	勝利S	任務部隊 主力群	120	単縦陣	第三警戒航行序列	発見!	発見!	航空互角	反航戦					1	2			二式陸上偵察機(熟練)	4	零式艦戦32型(台南空)	18	零式艦戦22型(251空)	18	Do 217 E-5+Hs293初期型	18	58	11	208	61	14	3	0	0	576	Nelson改	155	547	多摩改二	136	916	大和改二重	136	537	涼月改	149	553	伊勢改二	154	428	摩耶改二	137				1	0	0	0	0	0	0	9	1575	駆逐イ級後期型	駆逐艦		35	35	小破未満		0		0	1	高速	40	60	30	22	0	23	0	0	短	5inch連装砲				深海ソナー Mk.II				深海爆雷投射機															
22	2023-08-17 13:47:14	KW環礁沖海域	マップ:6-5 セル:13	ボス	勝利S	任務部隊 主力群	120	単縦陣	第三警戒航行序列	発見!	発見!	航空互角	反航戦					1	2			二式陸上偵察機(熟練)	4	零式艦戦32型(台南空)	18	零式艦戦22型(251空)	18	Do 217 E-5+Hs293初期型	18	58	11	208	61	14	3	0	0	576	Nelson改	155	547	多摩改二	136	916	大和改二重	136	537	涼月改	149	553	伊勢改二	154	428	摩耶改二	137				1	0	0	0	0	0	0	10	1575	駆逐イ級後期型	駆逐艦		35	35	小破未満		0		0	1	高速	40	60	30	22	0	23	0	0	短	5inch連装砲				深海ソナー Mk.II				深海爆雷投射機															
23	2023-08-17 13:47:14	KW環礁沖海域	マップ:6-5 セル:13	ボス	勝利S	任務部隊 主力群	120	単縦陣	第三警戒航行序列	発見!	発見!	航空互角	反航戦					1	2			二式陸上偵察機(熟練)	4	零式艦戦32型(台南空)	18	零式艦戦22型(251空)	18	Do 217 E-5+Hs293初期型	18	58	11	208	61	14	3	0	0	576	Nelson改	155	547	多摩改二	136	916	大和改二重	136	537	涼月改	149	553	伊勢改二	154	428	摩耶改二	137				1	0	0	0	0	0	0	11	1575	駆逐イ級後期型	駆逐艦		35	35	小破未満		0		0	1	高速	40	60	30	22	0	23	0	0	短	5inch連装砲				深海ソナー Mk.II				深海爆雷投射機															
24	2023-08-17 13:47:14	KW環礁沖海域	マップ:6-5 セル:13	ボス	勝利S	任務部隊 主力群	120	単縦陣	第三警戒航行序列	発見!	発見!	航空互角	反航戦					1	2			二式陸上偵察機(熟練)	4	零式艦戦32型(台南空)	18	零式艦戦22型(251空)	18	Do 217 E-5+Hs293初期型	18	58	11	208	61	14	3	0	0	576	Nelson改	155	547	多摩改二	136	916	大和改二重	136	537	涼月改	149	553	伊勢改二	154	428	摩耶改二	137				1	0	1	0	0	0	0	12	1575	駆逐イ級後期型	駆逐艦		35	35	小破未満		0		0	1	高速	40	60	30	22	0	23	0	0	短	5inch連装砲				深海ソナー Mk.II				深海爆雷投射機															
25	2023-08-17 13:47:14	KW環礁沖海域	マップ:6-5 セル:13	ボス	勝利S	任務部隊 主力群	120	単縦陣	第三警戒航行序列	発見!	発見!	航空互角	反航戦					2	3			一式戦 隼II型(64戦隊)	18	四式重爆 飛龍	18	四式重爆 飛龍	18	四式重爆 飛龍	18	72	15	147	29	42	3	0	0	576	Nelson改	155	547	多摩改二	136	916	大和改二重	136	537	涼月改	149	553	伊勢改二	154	428	摩耶改二	137				3	0	0	0	0	0	0	1	1586	空母棲姫	正規空母		350	350	小破未満		0		0	1	高速	180	13	162	150	2	14	20	0	超短	深海猫艦戦				深海地獄艦爆				深海復讐艦攻				深海対空レーダ―											
26	2023-08-17 13:47:14	KW環礁沖海域	マップ:6-5 セル:13	ボス	勝利S	任務部隊 主力群	120	単縦陣	第三警戒航行序列	発見!	発見!	航空互角	反航戦					2	3			一式戦 隼II型(64戦隊)	18	四式重爆 飛龍	18	四式重爆 飛龍	18	四式重爆 飛龍	18	72	15	147	29	42	3	0	0	576	Nelson改	155	547	多摩改二	136	916	大和改二重	136	537	涼月改	149	553	伊勢改二	154	428	摩耶改二	137				3	0	0	0	0	0	0	2	1615	空母ヲ級 flagship	正規空母		75	96	小破未満		0		0	1	高速	25	32	72	80	2	26	17	0	超短	深海猫艦戦改				深海地獄艦爆改				深海復讐艦攻改				深海復讐艦攻改											
27	2023-08-17 13:47:14	KW環礁沖海域	マップ:6-5 セル:13	ボス	勝利S	任務部隊 主力群	120	単縦陣	第三警戒航行序列	発見!	発見!	航空互角	反航戦					2	3			一式戦 隼II型(64戦隊)	18	四式重爆 飛龍	18	四式重爆 飛龍	18	四式重爆 飛龍	18	72	15	147	29	42	3	0	0	576	Nelson改	155	547	多摩改二	136	916	大和改二重	136	537	涼月改	149	553	伊勢改二	154	428	摩耶改二	137				3	0	0	0	0	0	0	3	1527	重巡リ級 flagship	重巡洋艦		76	76	小破未満		0		0	1	高速	79	58	46	70	0	1	5	0	中	8inch三連装砲				6inch連装速射砲				高速深海魚雷				深海棲艦偵察機											
28	2023-08-17 13:47:14	KW環礁沖海域	マップ:6-5 セル:13	ボス	勝利S	任務部隊 主力群	120	単縦陣	第三警戒航行序列	発見!	発見!	航空互角	反航戦					2	3			一式戦 隼II型(64戦隊)	18	四式重爆 飛龍	18	四式重爆 飛龍	18	四式重爆 飛龍	18	72	15	147	29	42	3	0	0	576	Nelson改	155	547	多摩改二	136	916	大和改二重	136	537	涼月改	149	553	伊勢改二	154	428	摩耶改二	137				3	0	0	0	0	0	0	4	1592	軽巡ツ級 elite	軽巡洋艦		66	66	小破未満		0		0	1	高速	68	92	115	68	0	17	5	0	中	5inch連装両用莢砲				5inch連装両用莢砲				深海ソナー Mk.II				深海棲艦偵察機											
29	2023-08-17 13:47:14	KW環礁沖海域	マップ:6-5 セル:13	ボス	勝利S	任務部隊 主力群	120	単縦陣	第三警戒航行序列	発見!	発見!	航空互角	反航戦					2	3			一式戦 隼II型(64戦隊)	18	四式重爆 飛龍	18	四式重爆 飛龍	18	四式重爆 飛龍	18	72	15	147	29	42	3	0	0	576	Nelson改	155	547	多摩改二	136	916	大和改二重	136	537	涼月改	149	553	伊勢改二	154	428	摩耶改二	137				3	0	0	0	0	0	0	5	1576	駆逐ロ級後期型	駆逐艦		37	37	小破未満		0		0	1	高速	40	66	32	26	0	23	0	0	短	5inch連装砲				深海ソナー Mk.II				深海爆雷投射機															
30	2023-08-17 13:47:14	KW環礁沖海域	マップ:6-5 セル:13	ボス	勝利S	任務部隊 主力群	120	単縦陣	第三警戒航行序列	発見!	発見!	航空互角	反航戦					2	3			一式戦 隼II型(64戦隊)	18	四式重爆 飛龍	18	四式重爆 飛龍	18	四式重爆 飛龍	18	72	15	147	29	42	3	0	0	576	Nelson改	155	547	多摩改二	136	916	大和改二重	136	537	涼月改	149	553	伊勢改二	154	428	摩耶改二	137				3	0	0	0	0	0	0	6	1576	駆逐ロ級後期型	駆逐艦		37	37	小破未満		0		0	1	高速	40	66	32	26	0	23	0	0	短	5inch連装砲				深海ソナー Mk.II				深海爆雷投射機															
31	2023-08-17 13:47:14	KW環礁沖海域	マップ:6-5 セル:13	ボス	勝利S	任務部隊 主力群	120	単縦陣	第三警戒航行序列	発見!	発見!	航空互角	反航戦					2	3			一式戦 隼II型(64戦隊)	18	四式重爆 飛龍	18	四式重爆 飛龍	18	四式重爆 飛龍	18	72	15	147	29	42	3	0	0	576	Nelson改	155	547	多摩改二	136	916	大和改二重	136	537	涼月改	149	553	伊勢改二	154	428	摩耶改二	137				3	0	1	0	0	0	0	7	1555	軽巡ヘ級 flagship	軽巡洋艦		57	57	小破未満		0		0	1	高速	51	80	34	39	0	17	5	0	中	6inch連装速射砲				深海棲艦偵察機				深海爆雷投射機				深海ソナー											
32	2023-08-17 13:47:14	KW環礁沖海域	マップ:6-5 セル:13	ボス	勝利S	任務部隊 主力群	120	単縦陣	第三警戒航行序列	発見!	発見!	航空互角	反航戦					2	3			一式戦 隼II型(64戦隊)	18	四式重爆 飛龍	18	四式重爆 飛龍	18	四式重爆 飛龍	18	72	15	147	29	42	3	0	0	576	Nelson改	155	547	多摩改二	136	916	大和改二重	136	537	涼月改	149	553	伊勢改二	154	428	摩耶改二	137				3	0	1	0	0	83	0	8	1527	重巡リ級 flagship	重巡洋艦		76	76	小破未満		0		0	1	高速	79	58	46	70	0	1	5	0	中	8inch三連装砲				6inch連装速射砲				高速深海魚雷				深海棲艦偵察機											
33	2023-08-17 13:47:14	KW環礁沖海域	マップ:6-5 セル:13	ボス	勝利S	任務部隊 主力群	120	単縦陣	第三警戒航行序列	発見!	発見!	航空互角	反航戦					2	3			一式戦 隼II型(64戦隊)	18	四式重爆 飛龍	18	四式重爆 飛龍	18	四式重爆 飛龍	18	72	15	147	29	42	3	0	0	576	Nelson改	155	547	多摩改二	136	916	大和改二重	136	537	涼月改	149	553	伊勢改二	154	428	摩耶改二	137				3	0	0	0	0	0	0	9	1575	駆逐イ級後期型	駆逐艦		35	35	小破未満		0		0	1	高速	40	60	30	22	0	23	0	0	短	5inch連装砲				深海ソナー Mk.II				深海爆雷投射機															
34	2023-08-17 13:47:14	KW環礁沖海域	マップ:6-5 セル:13	ボス	勝利S	任務部隊 主力群	120	単縦陣	第三警戒航行序列	発見!	発見!	航空互角	反航戦					2	3			一式戦 隼II型(64戦隊)	18	四式重爆 飛龍	18	四式重爆 飛龍	18	四式重爆 飛龍	18	72	15	147	29	42	3	0	0	576	Nelson改	155	547	多摩改二	136	916	大和改二重	136	537	涼月改	149	553	伊勢改二	154	428	摩耶改二	137				3	0	1	0	1	258	0	10	1575	駆逐イ級後期型	駆逐艦		35	35	小破未満		0		0	1	高速	40	60	30	22	0	23	0	0	短	5inch連装砲				深海ソナー Mk.II				深海爆雷投射機															
35	2023-08-17 13:47:14	KW環礁沖海域	マップ:6-5 セル:13	ボス	勝利S	任務部隊 主力群	120	単縦陣	第三警戒航行序列	発見!	発見!	航空互角	反航戦					2	3			一式戦 隼II型(64戦隊)	18	四式重爆 飛龍	18	四式重爆 飛龍	18	四式重爆 飛龍	18	72	15	147	29	42	3	0	0	576	Nelson改	155	547	多摩改二	136	916	大和改二重	136	537	涼月改	149	553	伊勢改二	154	428	摩耶改二	137				3	0	0	0	0	0	0	11	1575	駆逐イ級後期型	駆逐艦		35	35	小破未満		0		0	1	高速	40	60	30	22	0	23	0	0	短	5inch連装砲				深海ソナー Mk.II				深海爆雷投射機															
36	2023-08-17 13:47:14	KW環礁沖海域	マップ:6-5 セル:13	ボス	勝利S	任務部隊 主力群	120	単縦陣	第三警戒航行序列	発見!	発見!	航空互角	反航戦					2	3			一式戦 隼II型(64戦隊)	18	四式重爆 飛龍	18	四式重爆 飛龍	18	四式重爆 飛龍	18	72	15	147	29	42	3	0	0	576	Nelson改	155	547	多摩改二	136	916	大和改二重	136	537	涼月改	149	553	伊勢改二	154	428	摩耶改二	137				3	0	0	0	0	0	0	12	1575	駆逐イ級後期型	駆逐艦		35	35	小破未満		0		0	1	高速	40	60	30	22	0	23	0	0	短	5inch連装砲				深海ソナー Mk.II				深海爆雷投射機															
37	2023-08-17 13:47:14	KW環礁沖海域	マップ:6-5 セル:13	ボス	勝利S	任務部隊 主力群	120	単縦陣	第三警戒航行序列	発見!	発見!	航空互角	反航戦					2	4			一式戦 隼II型(64戦隊)	18	四式重爆 飛龍	18	四式重爆 飛龍	18	四式重爆 飛龍	18	72	10	116	40	46	25	0	0	576	Nelson改	155	547	多摩改二	136	916	大和改二重	136	537	涼月改	149	553	伊勢改二	154	428	摩耶改二	137				3	0	0	0	0	0	0	1	1586	空母棲姫	正規空母		350	350	小破未満		0		0	1	高速	180	13	162	150	2	14	20	0	超短	深海猫艦戦				深海地獄艦爆				深海復讐艦攻				深海対空レーダ―											
38	2023-08-17 13:47:14	KW環礁沖海域	マップ:6-5 セル:13	ボス	勝利S	任務部隊 主力群	120	単縦陣	第三警戒航行序列	発見!	発見!	航空互角	反航戦					2	4			一式戦 隼II型(64戦隊)	18	四式重爆 飛龍	18	四式重爆 飛龍	18	四式重爆 飛龍	18	72	10	116	40	46	25	0	0	576	Nelson改	155	547	多摩改二	136	916	大和改二重	136	537	涼月改	149	553	伊勢改二	154	428	摩耶改二	137				3	0	0	0	0	0	0	2	1615	空母ヲ級 flagship	正規空母		75	96	小破未満		0		0	1	高速	25	32	72	80	2	26	17	0	超短	深海猫艦戦改				深海地獄艦爆改				深海復讐艦攻改				深海復讐艦攻改											
39	2023-08-17 13:47:14	KW環礁沖海域	マップ:6-5 セル:13	ボス	勝利S	任務部隊 主力群	120	単縦陣	第三警戒航行序列	発見!	発見!	航空互角	反航戦					2	4			一式戦 隼II型(64戦隊)	18	四式重爆 飛龍	18	四式重爆 飛龍	18	四式重爆 飛龍	18	72	10	116	40	46	25	0	0	576	Nelson改	155	547	多摩改二	136	916	大和改二重	136	537	涼月改	149	553	伊勢改二	154	428	摩耶改二	137				3	0	0	0	0	0	0	3	1527	重巡リ級 flagship	重巡洋艦		76	76	小破未満		0		0	1	高速	79	58	46	70	0	1	5	0	中	8inch三連装砲				6inch連装速射砲				高速深海魚雷				深海棲艦偵察機											
40	2023-08-17 13:47:14	KW環礁沖海域	マップ:6-5 セル:13	ボス	勝利S	任務部隊 主力群	120	単縦陣	第三警戒航行序列	発見!	発見!	航空互角	反航戦					2	4			一式戦 隼II型(64戦隊)	18	四式重爆 飛龍	18	四式重爆 飛龍	18	四式重爆 飛龍	18	72	10	116	40	46	25	0	0	576	Nelson改	155	547	多摩改二	136	916	大和改二重	136	537	涼月改	149	553	伊勢改二	154	428	摩耶改二	137				3	0	0	0	0	0	0	4	1592	軽巡ツ級 elite	軽巡洋艦		66	66	小破未満		0		0	1	高速	68	92	115	68	0	17	5	0	中	5inch連装両用莢砲				5inch連装両用莢砲				深海ソナー Mk.II				深海棲艦偵察機											
41	2023-08-17 13:47:14	KW環礁沖海域	マップ:6-5 セル:13	ボス	勝利S	任務部隊 主力群	120	単縦陣	第三警戒航行序列	発見!	発見!	航空互角	反航戦					2	4			一式戦 隼II型(64戦隊)	18	四式重爆 飛龍	18	四式重爆 飛龍	18	四式重爆 飛龍	18	72	10	116	40	46	25	0	0	576	Nelson改	155	547	多摩改二	136	916	大和改二重	136	537	涼月改	149	553	伊勢改二	154	428	摩耶改二	137				3	0	1	0	0	0	0	5	1576	駆逐ロ級後期型	駆逐艦		37	37	小破未満		0		0	1	高速	40	66	32	26	0	23	0	0	短	5inch連装砲				深海ソナー Mk.II				深海爆雷投射機															
42	2023-08-17 13:47:14	KW環礁沖海域	マップ:6-5 セル:13	ボス	勝利S	任務部隊 主力群	120	単縦陣	第三警戒航行序列	発見!	発見!	航空互角	反航戦					2	4			一式戦 隼II型(64戦隊)	18	四式重爆 飛龍	18	四式重爆 飛龍	18	四式重爆 飛龍	18	72	10	116	40	46	25	0	0	576	Nelson改	155	547	多摩改二	136	916	大和改二重	136	537	涼月改	149	553	伊勢改二	154	428	摩耶改二	137				3	0	1	0	0	0	0	6	1576	駆逐ロ級後期型	駆逐艦		37	37	小破未満		0		0	1	高速	40	66	32	26	0	23	0	0	短	5inch連装砲				深海ソナー Mk.II				深海爆雷投射機															
43	2023-08-17 13:47:14	KW環礁沖海域	マップ:6-5 セル:13	ボス	勝利S	任務部隊 主力群	120	単縦陣	第三警戒航行序列	発見!	発見!	航空互角	反航戦					2	4			一式戦 隼II型(64戦隊)	18	四式重爆 飛龍	18	四式重爆 飛龍	18	四式重爆 飛龍	18	72	10	116	40	46	25	0	0	576	Nelson改	155	547	多摩改二	136	916	大和改二重	136	537	涼月改	149	553	伊勢改二	154	428	摩耶改二	137				3	0	1	0	0	63	0	7	1555	軽巡ヘ級 flagship	軽巡洋艦		57	57	小破未満		0		0	1	高速	51	80	34	39	0	17	5	0	中	6inch連装速射砲				深海棲艦偵察機				深海爆雷投射機				深海ソナー											
44	2023-08-17 13:47:14	KW環礁沖海域	マップ:6-5 セル:13	ボス	勝利S	任務部隊 主力群	120	単縦陣	第三警戒航行序列	発見!	発見!	航空互角	反航戦					2	4			一式戦 隼II型(64戦隊)	18	四式重爆 飛龍	18	四式重爆 飛龍	18	四式重爆 飛龍	18	72	10	116	40	46	25	0	0	576	Nelson改	155	547	多摩改二	136	916	大和改二重	136	537	涼月改	149	553	伊勢改二	154	428	摩耶改二	137				3	0	0	0	0	0	0	8	1527	重巡リ級 flagship	重巡洋艦		0	76	轟沈		0		0	1	高速	79	58	46	70	0	1	5	0	中	8inch三連装砲				6inch連装速射砲				高速深海魚雷				深海棲艦偵察機											
45	2023-08-17 13:47:14	KW環礁沖海域	マップ:6-5 セル:13	ボス	勝利S	任務部隊 主力群	120	単縦陣	第三警戒航行序列	発見!	発見!	航空互角	反航戦					2	4			一式戦 隼II型(64戦隊)	18	四式重爆 飛龍	18	四式重爆 飛龍	18	四式重爆 飛龍	18	72	10	116	40	46	25	0	0	576	Nelson改	155	547	多摩改二	136	916	大和改二重	136	537	涼月改	149	553	伊勢改二	154	428	摩耶改二	137				3	0	0	0	0	0	0	9	1575	駆逐イ級後期型	駆逐艦		35	35	小破未満		0		0	1	高速	40	60	30	22	0	23	0	0	短	5inch連装砲				深海ソナー Mk.II				深海爆雷投射機															
46	2023-08-17 13:47:14	KW環礁沖海域	マップ:6-5 セル:13	ボス	勝利S	任務部隊 主力群	120	単縦陣	第三警戒航行序列	発見!	発見!	航空互角	反航戦					2	4			一式戦 隼II型(64戦隊)	18	四式重爆 飛龍	18	四式重爆 飛龍	18	四式重爆 飛龍	18	72	10	116	40	46	25	0	0	576	Nelson改	155	547	多摩改二	136	916	大和改二重	136	537	涼月改	149	553	伊勢改二	154	428	摩耶改二	137				3	0	0	0	0	0	0	10	1575	駆逐イ級後期型	駆逐艦		0	35	轟沈		0		0	1	高速	40	60	30	22	0	23	0	0	短	5inch連装砲				深海ソナー Mk.II				深海爆雷投射機															
47	2023-08-17 13:47:14	KW環礁沖海域	マップ:6-5 セル:13	ボス	勝利S	任務部隊 主力群	120	単縦陣	第三警戒航行序列	発見!	発見!	航空互角	反航戦					2	4			一式戦 隼II型(64戦隊)	18	四式重爆 飛龍	18	四式重爆 飛龍	18	四式重爆 飛龍	18	72	10	116	40	46	25	0	0	576	Nelson改	155	547	多摩改二	136	916	大和改二重	136	537	涼月改	149	553	伊勢改二	154	428	摩耶改二	137				3	0	0	0	0	0	0	11	1575	駆逐イ級後期型	駆逐艦		35	35	小破未満		0		0	1	高速	40	60	30	22	0	23	0	0	短	5inch連装砲				深海ソナー Mk.II				深海爆雷投射機															
48	2023-08-17 13:47:14	KW環礁沖海域	マップ:6-5 セル:13	ボス	勝利S	任務部隊 主力群	120	単縦陣	第三警戒航行序列	発見!	発見!	航空互角	反航戦					2	4			一式戦 隼II型(64戦隊)	18	四式重爆 飛龍	18	四式重爆 飛龍	18	四式重爆 飛龍	18	72	10	116	40	46	25	0	0	576	Nelson改	155	547	多摩改二	136	916	大和改二重	136	537	涼月改	149	553	伊勢改二	154	428	摩耶改二	137				3	0	0	0	0	0	0	12	1575	駆逐イ級後期型	駆逐艦		35	35	小破未満		0		0	1	高速	40	60	30	22	0	23	0	0	短	5inch連装砲				深海ソナー Mk.II				深海爆雷投射機															
49	2023-08-17 14:02:55	KW環礁沖海域	マップ:6-5 セル:13	ボス	勝利S	任務部隊 主力群	120	単縦陣	第三警戒航行序列	発見!	発見!	航空互角	反航戦					1	1			二式陸上偵察機(熟練)	4	零式艦戦32型(台南空)	18	零式艦戦22型(251空)	18	Do 217 E-5+Hs293初期型	18	58	12	373	100	14	3	0	0	576	Nelson改	155	547	多摩改二	136	916	大和改二重	136	537	涼月改	149	553	伊勢改二	154	428	摩耶改二	137				1	0	0	0	0	0	0	1	1586	空母棲姫	正規空母		350	350	小破未満		0		0	1	高速	180	13	162	150	2	14	20	0	超短	深海猫艦戦				深海地獄艦爆				深海復讐艦攻				深海対空レーダ―											
50	2023-08-17 14:02:55	KW環礁沖海域	マップ:6-5 セル:13	ボス	勝利S	任務部隊 主力群	120	単縦陣	第三警戒航行序列	発見!	発見!	航空互角	反航戦					1	1			二式陸上偵察機(熟練)	4	零式艦戦32型(台南空)	18	零式艦戦22型(251空)	18	Do 217 E-5+Hs293初期型	18	58	12	373	100	14	3	0	0	576	Nelson改	155	547	多摩改二	136	916	大和改二重	136	537	涼月改	149	553	伊勢改二	154	428	摩耶改二	137				1	0	0	0	0	0	0	2	1615	空母ヲ級 flagship	正規空母		96	96	小破未満		0		0	1	高速	25	32	72	80	2	26	17	0	超短	深海猫艦戦改				深海地獄艦爆改				深海復讐艦攻改				深海復讐艦攻改											
51	2023-08-17 14:02:55	KW環礁沖海域	マップ:6-5 セル:13	ボス	勝利S	任務部隊 主力群	120	単縦陣	第三警戒航行序列	発見!	発見!	航空互角	反航戦					1	1			二式陸上偵察機(熟練)	4	零式艦戦32型(台南空)	18	零式艦戦22型(251空)	18	Do 217 E-5+Hs293初期型	18	58	12	373	100	14	3	0	0	576	Nelson改	155	547	多摩改二	136	916	大和改二重	136	537	涼月改	149	553	伊勢改二	154	428	摩耶改二	137				1	0	0	0	0	0	0	3	1615	空母ヲ級 flagship	正規空母		96	96	小破未満		0		0	1	高速	25	32	72	80	2	26	17	0	超短	深海猫艦戦改				深海地獄艦爆改				深海復讐艦攻改				深海復讐艦攻改											
52	2023-08-17 14:02:55	KW環礁沖海域	マップ:6-5 セル:13	ボス	勝利S	任務部隊 主力群	120	単縦陣	第三警戒航行序列	発見!	発見!	航空互角	反航戦					1	1			二式陸上偵察機(熟練)	4	零式艦戦32型(台南空)	18	零式艦戦22型(251空)	18	Do 217 E-5+Hs293初期型	18	58	12	373	100	14	3	0	0	576	Nelson改	155	547	多摩改二	136	916	大和改二重	136	537	涼月改	149	553	伊勢改二	154	428	摩耶改二	137				1	0	0	0	0	0	0	4	1592	軽巡ツ級 elite	軽巡洋艦		66	66	小破未満		0		0	1	高速	68	92	115	68	0	17	5	0	中	5inch連装両用莢砲				5inch連装両用莢砲				深海ソナー Mk.II				深海棲艦偵察機											
53	2023-08-17 14:02:55	KW環礁沖海域	マップ:6-5 セル:13	ボス	勝利S	任務部隊 主力群	120	単縦陣	第三警戒航行序列	発見!	発見!	航空互角	反航戦					1	1			二式陸上偵察機(熟練)	4	零式艦戦32型(台南空)	18	零式艦戦22型(251空)	18	Do 217 E-5+Hs293初期型	18	58	12	373	100	14	3	0	0	576	Nelson改	155	547	多摩改二	136	916	大和改二重	136	537	涼月改	149	553	伊勢改二	154	428	摩耶改二	137				1	0	0	0	0	0	0	5	1577	駆逐ハ級後期型	駆逐艦		38	38	小破未満		0		0	1	高速	46	82	36	29	0	7	0	0	短	5inch連装砲				高速深海魚雷				深海爆雷投射機															
54	2023-08-17 14:02:55	KW環礁沖海域	マップ:6-5 セル:13	ボス	勝利S	任務部隊 主力群	120	単縦陣	第三警戒航行序列	発見!	発見!	航空互角	反航戦					1	1			二式陸上偵察機(熟練)	4	零式艦戦32型(台南空)	18	零式艦戦22型(251空)	18	Do 217 E-5+Hs293初期型	18	58	12	373	100	14	3	0	0	576	Nelson改	155	547	多摩改二	136	916	大和改二重	136	537	涼月改	149	553	伊勢改二	154	428	摩耶改二	137				1	0	0	0	0	0	0	6	1577	駆逐ハ級後期型	駆逐艦		38	38	小破未満		0		0	1	高速	46	82	36	29	0	7	0	0	短	5inch連装砲				高速深海魚雷				深海爆雷投射機															
55	2023-08-17 14:02:55	KW環礁沖海域	マップ:6-5 セル:13	ボス	勝利S	任務部隊 主力群	120	単縦陣	第三警戒航行序列	発見!	発見!	航空互角	反航戦					1	1			二式陸上偵察機(熟練)	4	零式艦戦32型(台南空)	18	零式艦戦22型(251空)	18	Do 217 E-5+Hs293初期型	18	58	12	373	100	14	3	0	0	576	Nelson改	155	547	多摩改二	136	916	大和改二重	136	537	涼月改	149	553	伊勢改二	154	428	摩耶改二	137				1	0	0	0	0	0	0	7	1555	軽巡ヘ級 flagship	軽巡洋艦		57	57	小破未満		0		0	1	高速	51	80	34	39	0	17	5	0	中	6inch連装速射砲				深海棲艦偵察機				深海爆雷投射機				深海ソナー											
56	2023-08-17 14:02:55	KW環礁沖海域	マップ:6-5 セル:13	ボス	勝利S	任務部隊 主力群	120	単縦陣	第三警戒航行序列	発見!	発見!	航空互角	反航戦					1	1			二式陸上偵察機(熟練)	4	零式艦戦32型(台南空)	18	零式艦戦22型(251空)	18	Do 217 E-5+Hs293初期型	18	58	12	373	100	14	3	0	0	576	Nelson改	155	547	多摩改二	136	916	大和改二重	136	537	涼月改	149	553	伊勢改二	154	428	摩耶改二	137				1	0	0	0	0	0	0	8	1527	重巡リ級 flagship	重巡洋艦		76	76	小破未満		0		0	1	高速	79	58	46	70	0	1	5	0	中	8inch三連装砲				6inch連装速射砲				高速深海魚雷				深海棲艦偵察機											
57	2023-08-17 14:02:55	KW環礁沖海域	マップ:6-5 セル:13	ボス	勝利S	任務部隊 主力群	120	単縦陣	第三警戒航行序列	発見!	発見!	航空互角	反航戦					1	1			二式陸上偵察機(熟練)	4	零式艦戦32型(台南空)	18	零式艦戦22型(251空)	18	Do 217 E-5+Hs293初期型	18	58	12	373	100	14	3	0	0	576	Nelson改	155	547	多摩改二	136	916	大和改二重	136	537	涼月改	149	553	伊勢改二	154	428	摩耶改二	137				1	0	0	0	0	0	0	9	1527	重巡リ級 flagship	重巡洋艦		76	76	小破未満		0		0	1	高速	79	58	46	70	0	1	5	0	中	8inch三連装砲				6inch連装速射砲				高速深海魚雷				深海棲艦偵察機											
58	2023-08-17 14:02:55	KW環礁沖海域	マップ:6-5 セル:13	ボス	勝利S	任務部隊 主力群	120	単縦陣	第三警戒航行序列	発見!	発見!	航空互角	反航戦					1	1			二式陸上偵察機(熟練)	4	零式艦戦32型(台南空)	18	零式艦戦22型(251空)	18	Do 217 E-5+Hs293初期型	18	58	12	373	100	14	3	0	0	576	Nelson改	155	547	多摩改二	136	916	大和改二重	136	537	涼月改	149	553	伊勢改二	154	428	摩耶改二	137				1	0	1	0	0	123	0	10	1577	駆逐ハ級後期型	駆逐艦		38	38	小破未満		0		0	1	高速	46	82	36	29	0	7	0	0	短	5inch連装砲				高速深海魚雷				深海爆雷投射機															
59	2023-08-17 14:02:55	KW環礁沖海域	マップ:6-5 セル:13	ボス	勝利S	任務部隊 主力群	120	単縦陣	第三警戒航行序列	発見!	発見!	航空互角	反航戦					1	1			二式陸上偵察機(熟練)	4	零式艦戦32型(台南空)	18	零式艦戦22型(251空)	18	Do 217 E-5+Hs293初期型	18	58	12	373	100	14	3	0	0	576	Nelson改	155	547	多摩改二	136	916	大和改二重	136	537	涼月改	149	553	伊勢改二	154	428	摩耶改二	137				1	0	0	0	0	0	0	11	1575	駆逐イ級後期型	駆逐艦		35	35	小破未満		0		0	1	高速	40	60	30	22	0	23	0	0	短	5inch連装砲				深海ソナー Mk.II				深海爆雷投射機															
60	2023-08-17 14:02:55	KW環礁沖海域	マップ:6-5 セル:13	ボス	勝利S	任務部隊 主力群	120	単縦陣	第三警戒航行序列	発見!	発見!	航空互角	反航戦					1	1			二式陸上偵察機(熟練)	4	零式艦戦32型(台南空)	18	零式艦戦22型(251空)	18	Do 217 E-5+Hs293初期型	18	58	12	373	100	14	3	0	0	576	Nelson改	155	547	多摩改二	136	916	大和改二重	136	537	涼月改	149	553	伊勢改二	154	428	摩耶改二	137				1	0	0	0	0	0	0	12	1575	駆逐イ級後期型	駆逐艦		35	35	小破未満		0		0	1	高速	40	60	30	22	0	23	0	0	短	5inch連装砲				深海ソナー Mk.II				深海爆雷投射機															
61	2023-08-17 14:02:55	KW環礁沖海域	マップ:6-5 セル:13	ボス	勝利S	任務部隊 主力群	120	単縦陣	第三警戒航行序列	発見!	発見!	航空互角	反航戦					1	2			二式陸上偵察機(熟練)	4	零式艦戦32型(台南空)	18	零式艦戦22型(251空)	18	Do 217 E-5+Hs293初期型	18	58	7	273	83	16	3	0	0	576	Nelson改	155	547	多摩改二	136	916	大和改二重	136	537	涼月改	149	553	伊勢改二	154	428	摩耶改二	137				1	0	0	0	0	0	0	1	1586	空母棲姫	正規空母		350	350	小破未満		0		0	1	高速	180	13	162	150	2	14	20	0	超短	深海猫艦戦				深海地獄艦爆				深海復讐艦攻				深海対空レーダ―											
62	2023-08-17 14:02:55	KW環礁沖海域	マップ:6-5 セル:13	ボス	勝利S	任務部隊 主力群	120	単縦陣	第三警戒航行序列	発見!	発見!	航空互角	反航戦					1	2			二式陸上偵察機(熟練)	4	零式艦戦32型(台南空)	18	零式艦戦22型(251空)	18	Do 217 E-5+Hs293初期型	18	58	7	273	83	16	3	0	0	576	Nelson改	155	547	多摩改二	136	916	大和改二重	136	537	涼月改	149	553	伊勢改二	154	428	摩耶改二	137				1	0	0	0	0	0	0	2	1615	空母ヲ級 flagship	正規空母		96	96	小破未満		0		0	1	高速	25	32	72	80	2	26	17	0	超短	深海猫艦戦改				深海地獄艦爆改				深海復讐艦攻改				深海復讐艦攻改											
63	2023-08-17 14:02:55	KW環礁沖海域	マップ:6-5 セル:13	ボス	勝利S	任務部隊 主力群	120	単縦陣	第三警戒航行序列	発見!	発見!	航空互角	反航戦					1	2			二式陸上偵察機(熟練)	4	零式艦戦32型(台南空)	18	零式艦戦22型(251空)	18	Do 217 E-5+Hs293初期型	18	58	7	273	83	16	3	0	0	576	Nelson改	155	547	多摩改二	136	916	大和改二重	136	537	涼月改	149	553	伊勢改二	154	428	摩耶改二	137				1	0	1	0	0	0	0	3	1615	空母ヲ級 flagship	正規空母		96	96	小破未満		0		0	1	高速	25	32	72	80	2	26	17	0	超短	深海猫艦戦改				深海地獄艦爆改				深海復讐艦攻改				深海復讐艦攻改											
64	2023-08-17 14:02:55	KW環礁沖海域	マップ:6-5 セル:13	ボス	勝利S	任務部隊 主力群	120	単縦陣	第三警戒航行序列	発見!	発見!	航空互角	反航戦					1	2			二式陸上偵察機(熟練)	4	零式艦戦32型(台南空)	18	零式艦戦22型(251空)	18	Do 217 E-5+Hs293初期型	18	58	7	273	83	16	3	0	0	576	Nelson改	155	547	多摩改二	136	916	大和改二重	136	537	涼月改	149	553	伊勢改二	154	428	摩耶改二	137				1	0	0	0	0	0	0	4	1592	軽巡ツ級 elite	軽巡洋艦		66	66	小破未満		0		0	1	高速	68	92	115	68	0	17	5	0	中	5inch連装両用莢砲				5inch連装両用莢砲				深海ソナー Mk.II				深海棲艦偵察機											
65	2023-08-17 14:02:55	KW環礁沖海域	マップ:6-5 セル:13	ボス	勝利S	任務部隊 主力群	120	単縦陣	第三警戒航行序列	発見!	発見!	航空互角	反航戦					1	2			二式陸上偵察機(熟練)	4	零式艦戦32型(台南空)	18	零式艦戦22型(251空)	18	Do 217 E-5+Hs293初期型	18	58	7	273	83	16	3	0	0	576	Nelson改	155	547	多摩改二	136	916	大和改二重	136	537	涼月改	149	553	伊勢改二	154	428	摩耶改二	137				1	0	0	0	0	0	0	5	1577	駆逐ハ級後期型	駆逐艦		38	38	小破未満		0		0	1	高速	46	82	36	29	0	7	0	0	短	5inch連装砲				高速深海魚雷				深海爆雷投射機															
66	2023-08-17 14:02:55	KW環礁沖海域	マップ:6-5 セル:13	ボス	勝利S	任務部隊 主力群	120	単縦陣	第三警戒航行序列	発見!	発見!	航空互角	反航戦					1	2			二式陸上偵察機(熟練)	4	零式艦戦32型(台南空)	18	零式艦戦22型(251空)	18	Do 217 E-5+Hs293初期型	18	58	7	273	83	16	3	0	0	576	Nelson改	155	547	多摩改二	136	916	大和改二重	136	537	涼月改	149	553	伊勢改二	154	428	摩耶改二	137				1	0	0	0	0	0	0	6	1577	駆逐ハ級後期型	駆逐艦		38	38	小破未満		0		0	1	高速	46	82	36	29	0	7	0	0	短	5inch連装砲				高速深海魚雷				深海爆雷投射機															
67	2023-08-17 14:02:55	KW環礁沖海域	マップ:6-5 セル:13	ボス	勝利S	任務部隊 主力群	120	単縦陣	第三警戒航行序列	発見!	発見!	航空互角	反航戦					1	2			二式陸上偵察機(熟練)	4	零式艦戦32型(台南空)	18	零式艦戦22型(251空)	18	Do 217 E-5+Hs293初期型	18	58	7	273	83	16	3	0	0	576	Nelson改	155	547	多摩改二	136	916	大和改二重	136	537	涼月改	149	553	伊勢改二	154	428	摩耶改二	137				1	0	0	0	0	0	0	7	1555	軽巡ヘ級 flagship	軽巡洋艦		57	57	小破未満		0		0	1	高速	51	80	34	39	0	17	5	0	中	6inch連装速射砲				深海棲艦偵察機				深海爆雷投射機				深海ソナー											
68	2023-08-17 14:02:55	KW環礁沖海域	マップ:6-5 セル:13	ボス	勝利S	任務部隊 主力群	120	単縦陣	第三警戒航行序列	発見!	発見!	航空互角	反航戦					1	2			二式陸上偵察機(熟練)	4	零式艦戦32型(台南空)	18	零式艦戦22型(251空)	18	Do 217 E-5+Hs293初期型	18	58	7	273	83	16	3	0	0	576	Nelson改	155	547	多摩改二	136	916	大和改二重	136	537	涼月改	149	553	伊勢改二	154	428	摩耶改二	137				1	0	0	0	0	0	0	8	1527	重巡リ級 flagship	重巡洋艦		76	76	小破未満		0		0	1	高速	79	58	46	70	0	1	5	0	中	8inch三連装砲				6inch連装速射砲				高速深海魚雷				深海棲艦偵察機											
69	2023-08-17 14:02:55	KW環礁沖海域	マップ:6-5 セル:13	ボス	勝利S	任務部隊 主力群	120	単縦陣	第三警戒航行序列	発見!	発見!	航空互角	反航戦					1	2			二式陸上偵察機(熟練)	4	零式艦戦32型(台南空)	18	零式艦戦22型(251空)	18	Do 217 E-5+Hs293初期型	18	58	7	273	83	16	3	0	0	576	Nelson改	155	547	多摩改二	136	916	大和改二重	136	537	涼月改	149	553	伊勢改二	154	428	摩耶改二	137				1	0	0	0	0	0	0	9	1527	重巡リ級 flagship	重巡洋艦		76	76	小破未満		0		0	1	高速	79	58	46	70	0	1	5	0	中	8inch三連装砲				6inch連装速射砲				高速深海魚雷				深海棲艦偵察機											
70	2023-08-17 14:02:55	KW環礁沖海域	マップ:6-5 セル:13	ボス	勝利S	任務部隊 主力群	120	単縦陣	第三警戒航行序列	発見!	発見!	航空互角	反航戦					1	2			二式陸上偵察機(熟練)	4	零式艦戦32型(台南空)	18	零式艦戦22型(251空)	18	Do 217 E-5+Hs293初期型	18	58	7	273	83	16	3	0	0	576	Nelson改	155	547	多摩改二	136	916	大和改二重	136	537	涼月改	149	553	伊勢改二	154	428	摩耶改二	137				1	0	0	0	0	0	0	10	1577	駆逐ハ級後期型	駆逐艦		0	38	轟沈		0		0	1	高速	46	82	36	29	0	7	0	0	短	5inch連装砲				高速深海魚雷				深海爆雷投射機															
71	2023-08-17 14:02:55	KW環礁沖海域	マップ:6-5 セル:13	ボス	勝利S	任務部隊 主力群	120	単縦陣	第三警戒航行序列	発見!	発見!	航空互角	反航戦					1	2			二式陸上偵察機(熟練)	4	零式艦戦32型(台南空)	18	零式艦戦22型(251空)	18	Do 217 E-5+Hs293初期型	18	58	7	273	83	16	3	0	0	576	Nelson改	155	547	多摩改二	136	916	大和改二重	136	537	涼月改	149	553	伊勢改二	154	428	摩耶改二	137				1	0	0	0	0	0	0	11	1575	駆逐イ級後期型	駆逐艦		35	35	小破未満		0		0	1	高速	40	60	30	22	0	23	0	0	短	5inch連装砲				深海ソナー Mk.II				深海爆雷投射機															
72	2023-08-17 14:02:55	KW環礁沖海域	マップ:6-5 セル:13	ボス	勝利S	任務部隊 主力群	120	単縦陣	第三警戒航行序列	発見!	発見!	航空互角	反航戦					1	2			二式陸上偵察機(熟練)	4	零式艦戦32型(台南空)	18	零式艦戦22型(251空)	18	Do 217 E-5+Hs293初期型	18	58	7	273	83	16	3	0	0	576	Nelson改	155	547	多摩改二	136	916	大和改二重	136	537	涼月改	149	553	伊勢改二	154	428	摩耶改二	137				1	0	0	0	0	0	0	12	1575	駆逐イ級後期型	駆逐艦		35	35	小破未満		0		0	1	高速	40	60	30	22	0	23	0	0	短	5inch連装砲				深海ソナー Mk.II				深海爆雷投射機															
73	2023-08-17 14:02:55	KW環礁沖海域	マップ:6-5 セル:13	ボス	勝利S	任務部隊 主力群	120	単縦陣	第三警戒航行序列	発見!	発見!	航空互角	反航戦					2	3			一式戦 隼II型(64戦隊)	18	四式重爆 飛龍	18	四式重爆 飛龍	18	四式重爆 飛龍	18	72	12	190	43	45	10	0	0	576	Nelson改	155	547	多摩改二	136	916	大和改二重	136	537	涼月改	149	553	伊勢改二	154	428	摩耶改二	137				3	0	1	0	0	103	0	1	1586	空母棲姫	正規空母		350	350	小破未満		0		0	1	高速	180	13	162	150	2	14	20	0	超短	深海猫艦戦				深海地獄艦爆				深海復讐艦攻				深海対空レーダ―											
74	2023-08-17 14:02:55	KW環礁沖海域	マップ:6-5 セル:13	ボス	勝利S	任務部隊 主力群	120	単縦陣	第三警戒航行序列	発見!	発見!	航空互角	反航戦					2	3			一式戦 隼II型(64戦隊)	18	四式重爆 飛龍	18	四式重爆 飛龍	18	四式重爆 飛龍	18	72	12	190	43	45	10	0	0	576	Nelson改	155	547	多摩改二	136	916	大和改二重	136	537	涼月改	149	553	伊勢改二	154	428	摩耶改二	137				3	0	0	0	0	0	0	2	1615	空母ヲ級 flagship	正規空母		96	96	小破未満		0		0	1	高速	25	32	72	80	2	26	17	0	超短	深海猫艦戦改				深海地獄艦爆改				深海復讐艦攻改				深海復讐艦攻改											
75	2023-08-17 14:02:55	KW環礁沖海域	マップ:6-5 セル:13	ボス	勝利S	任務部隊 主力群	120	単縦陣	第三警戒航行序列	発見!	発見!	航空互角	反航戦					2	3			一式戦 隼II型(64戦隊)	18	四式重爆 飛龍	18	四式重爆 飛龍	18	四式重爆 飛龍	18	72	12	190	43	45	10	0	0	576	Nelson改	155	547	多摩改二	136	916	大和改二重	136	537	涼月改	149	553	伊勢改二	154	428	摩耶改二	137				3	0	0	0	0	0	0	3	1615	空母ヲ級 flagship	正規空母		96	96	小破未満		0		0	1	高速	25	32	72	80	2	26	17	0	超短	深海猫艦戦改				深海地獄艦爆改				深海復讐艦攻改				深海復讐艦攻改											
76	2023-08-17 14:02:55	KW環礁沖海域	マップ:6-5 セル:13	ボス	勝利S	任務部隊 主力群	120	単縦陣	第三警戒航行序列	発見!	発見!	航空互角	反航戦					2	3			一式戦 隼II型(64戦隊)	18	四式重爆 飛龍	18	四式重爆 飛龍	18	四式重爆 飛龍	18	72	12	190	43	45	10	0	0	576	Nelson改	155	547	多摩改二	136	916	大和改二重	136	537	涼月改	149	553	伊勢改二	154	428	摩耶改二	137				3	0	0	0	0	0	0	4	1592	軽巡ツ級 elite	軽巡洋艦		66	66	小破未満		0		0	1	高速	68	92	115	68	0	17	5	0	中	5inch連装両用莢砲				5inch連装両用莢砲				深海ソナー Mk.II				深海棲艦偵察機											
77	2023-08-17 14:02:55	KW環礁沖海域	マップ:6-5 セル:13	ボス	勝利S	任務部隊 主力群	120	単縦陣	第三警戒航行序列	発見!	発見!	航空互角	反航戦					2	3			一式戦 隼II型(64戦隊)	18	四式重爆 飛龍	18	四式重爆 飛龍	18	四式重爆 飛龍	18	72	12	190	43	45	10	0	0	576	Nelson改	155	547	多摩改二	136	916	大和改二重	136	537	涼月改	149	553	伊勢改二	154	428	摩耶改二	137				3	0	0	0	0	0	0	5	1577	駆逐ハ級後期型	駆逐艦		38	38	小破未満		0		0	1	高速	46	82	36	29	0	7	0	0	短	5inch連装砲				高速深海魚雷				深海爆雷投射機															
78	2023-08-17 14:02:55	KW環礁沖海域	マップ:6-5 セル:13	ボス	勝利S	任務部隊 主力群	120	単縦陣	第三警戒航行序列	発見!	発見!	航空互角	反航戦					2	3			一式戦 隼II型(64戦隊)	18	四式重爆 飛龍	18	四式重爆 飛龍	18	四式重爆 飛龍	18	72	12	190	43	45	10	0	0	576	Nelson改	155	547	多摩改二	136	916	大和改二重	136	537	涼月改	149	553	伊勢改二	154	428	摩耶改二	137				3	0	1	0	0	131	0	6	1577	駆逐ハ級後期型	駆逐艦		38	38	小破未満		0		0	1	高速	46	82	36	29	0	7	0	0	短	5inch連装砲				高速深海魚雷				深海爆雷投射機															
79	2023-08-17 14:02:55	KW環礁沖海域	マップ:6-5 セル:13	ボス	勝利S	任務部隊 主力群	120	単縦陣	第三警戒航行序列	発見!	発見!	航空互角	反航戦					2	3			一式戦 隼II型(64戦隊)	18	四式重爆 飛龍	18	四式重爆 飛龍	18	四式重爆 飛龍	18	72	12	190	43	45	10	0	0	576	Nelson改	155	547	多摩改二	136	916	大和改二重	136	537	涼月改	149	553	伊勢改二	154	428	摩耶改二	137				3	0	1	0	0	139	0	7	1555	軽巡ヘ級 flagship	軽巡洋艦		57	57	小破未満		0		0	1	高速	51	80	34	39	0	17	5	0	中	6inch連装速射砲				深海棲艦偵察機				深海爆雷投射機				深海ソナー											
80	2023-08-17 14:02:55	KW環礁沖海域	マップ:6-5 セル:13	ボス	勝利S	任務部隊 主力群	120	単縦陣	第三警戒航行序列	発見!	発見!	航空互角	反航戦					2	3			一式戦 隼II型(64戦隊)	18	四式重爆 飛龍	18	四式重爆 飛龍	18	四式重爆 飛龍	18	72	12	190	43	45	10	0	0	576	Nelson改	155	547	多摩改二	136	916	大和改二重	136	537	涼月改	149	553	伊勢改二	154	428	摩耶改二	137				3	0	0	0	0	0	0	8	1527	重巡リ級 flagship	重巡洋艦		76	76	小破未満		0		0	1	高速	79	58	46	70	0	1	5	0	中	8inch三連装砲				6inch連装速射砲				高速深海魚雷				深海棲艦偵察機											
81	2023-08-17 14:02:55	KW環礁沖海域	マップ:6-5 セル:13	ボス	勝利S	任務部隊 主力群	120	単縦陣	第三警戒航行序列	発見!	発見!	航空互角	反航戦					2	3			一式戦 隼II型(64戦隊)	18	四式重爆 飛龍	18	四式重爆 飛龍	18	四式重爆 飛龍	18	72	12	190	43	45	10	0	0	576	Nelson改	155	547	多摩改二	136	916	大和改二重	136	537	涼月改	149	553	伊勢改二	154	428	摩耶改二	137				3	0	0	0	0	0	0	9	1527	重巡リ級 flagship	重巡洋艦		76	76	小破未満		0		0	1	高速	79	58	46	70	0	1	5	0	中	8inch三連装砲				6inch連装速射砲				高速深海魚雷				深海棲艦偵察機											
82	2023-08-17 14:02:55	KW環礁沖海域	マップ:6-5 セル:13	ボス	勝利S	任務部隊 主力群	120	単縦陣	第三警戒航行序列	発見!	発見!	航空互角	反航戦					2	3			一式戦 隼II型(64戦隊)	18	四式重爆 飛龍	18	四式重爆 飛龍	18	四式重爆 飛龍	18	72	12	190	43	45	10	0	0	576	Nelson改	155	547	多摩改二	136	916	大和改二重	136	537	涼月改	149	553	伊勢改二	154	428	摩耶改二	137				3	0	0	0	0	0	0	10	1577	駆逐ハ級後期型	駆逐艦		0	38	轟沈		0		0	1	高速	46	82	36	29	0	7	0	0	短	5inch連装砲				高速深海魚雷				深海爆雷投射機															
83	2023-08-17 14:02:55	KW環礁沖海域	マップ:6-5 セル:13	ボス	勝利S	任務部隊 主力群	120	単縦陣	第三警戒航行序列	発見!	発見!	航空互角	反航戦					2	3			一式戦 隼II型(64戦隊)	18	四式重爆 飛龍	18	四式重爆 飛龍	18	四式重爆 飛龍	18	72	12	190	43	45	10	0	0	576	Nelson改	155	547	多摩改二	136	916	大和改二重	136	537	涼月改	149	553	伊勢改二	154	428	摩耶改二	137				3	0	0	0	0	0	0	11	1575	駆逐イ級後期型	駆逐艦		35	35	小破未満		0		0	1	高速	40	60	30	22	0	23	0	0	短	5inch連装砲				深海ソナー Mk.II				深海爆雷投射機															
84	2023-08-17 14:02:55	KW環礁沖海域	マップ:6-5 セル:13	ボス	勝利S	任務部隊 主力群	120	単縦陣	第三警戒航行序列	発見!	発見!	航空互角	反航戦					2	3			一式戦 隼II型(64戦隊)	18	四式重爆 飛龍	18	四式重爆 飛龍	18	四式重爆 飛龍	18	72	12	190	43	45	10	0	0	576	Nelson改	155	547	多摩改二	136	916	大和改二重	136	537	涼月改	149	553	伊勢改二	154	428	摩耶改二	137				3	0	0	0	0	0	0	12	1575	駆逐イ級後期型	駆逐艦		35	35	小破未満		0		0	1	高速	40	60	30	22	0	23	0	0	短	5inch連装砲				深海ソナー Mk.II				深海爆雷投射機															
85	2023-08-17 14:02:55	KW環礁沖海域	マップ:6-5 セル:13	ボス	勝利S	任務部隊 主力群	120	単縦陣	第三警戒航行序列	発見!	発見!	航空互角	反航戦					2	4			一式戦 隼II型(64戦隊)	18	四式重爆 飛龍	18	四式重爆 飛龍	18	四式重爆 飛龍	18	72	12	145	38	45	8	0	0	576	Nelson改	155	547	多摩改二	136	916	大和改二重	136	537	涼月改	149	553	伊勢改二	154	428	摩耶改二	137				3	0	1	0	0	93	0	1	1586	空母棲姫	正規空母		247	350	小破		0		0	1	高速	180	13	162	150	2	14	20	0	超短	深海猫艦戦				深海地獄艦爆				深海復讐艦攻				深海対空レーダ―											
86	2023-08-17 14:02:55	KW環礁沖海域	マップ:6-5 セル:13	ボス	勝利S	任務部隊 主力群	120	単縦陣	第三警戒航行序列	発見!	発見!	航空互角	反航戦					2	4			一式戦 隼II型(64戦隊)	18	四式重爆 飛龍	18	四式重爆 飛龍	18	四式重爆 飛龍	18	72	12	145	38	45	8	0	0	576	Nelson改	155	547	多摩改二	136	916	大和改二重	136	537	涼月改	149	553	伊勢改二	154	428	摩耶改二	137				3	0	0	0	0	0	0	2	1615	空母ヲ級 flagship	正規空母		96	96	小破未満		0		0	1	高速	25	32	72	80	2	26	17	0	超短	深海猫艦戦改				深海地獄艦爆改				深海復讐艦攻改				深海復讐艦攻改											
87	2023-08-17 14:02:55	KW環礁沖海域	マップ:6-5 セル:13	ボス	勝利S	任務部隊 主力群	120	単縦陣	第三警戒航行序列	発見!	発見!	航空互角	反航戦					2	4			一式戦 隼II型(64戦隊)	18	四式重爆 飛龍	18	四式重爆 飛龍	18	四式重爆 飛龍	18	72	12	145	38	45	8	0	0	576	Nelson改	155	547	多摩改二	136	916	大和改二重	136	537	涼月改	149	553	伊勢改二	154	428	摩耶改二	137				3	0	0	0	0	0	0	3	1615	空母ヲ級 flagship	正規空母		96	96	小破未満		0		0	1	高速	25	32	72	80	2	26	17	0	超短	深海猫艦戦改				深海地獄艦爆改				深海復讐艦攻改				深海復讐艦攻改											
88	2023-08-17 14:02:55	KW環礁沖海域	マップ:6-5 セル:13	ボス	勝利S	任務部隊 主力群	120	単縦陣	第三警戒航行序列	発見!	発見!	航空互角	反航戦					2	4			一式戦 隼II型(64戦隊)	18	四式重爆 飛龍	18	四式重爆 飛龍	18	四式重爆 飛龍	18	72	12	145	38	45	8	0	0	576	Nelson改	155	547	多摩改二	136	916	大和改二重	136	537	涼月改	149	553	伊勢改二	154	428	摩耶改二	137				3	0	0	0	0	0	0	4	1592	軽巡ツ級 elite	軽巡洋艦		66	66	小破未満		0		0	1	高速	68	92	115	68	0	17	5	0	中	5inch連装両用莢砲				5inch連装両用莢砲				深海ソナー Mk.II				深海棲艦偵察機											
89	2023-08-17 14:02:55	KW環礁沖海域	マップ:6-5 セル:13	ボス	勝利S	任務部隊 主力群	120	単縦陣	第三警戒航行序列	発見!	発見!	航空互角	反航戦					2	4			一式戦 隼II型(64戦隊)	18	四式重爆 飛龍	18	四式重爆 飛龍	18	四式重爆 飛龍	18	72	12	145	38	45	8	0	0	576	Nelson改	155	547	多摩改二	136	916	大和改二重	136	537	涼月改	149	553	伊勢改二	154	428	摩耶改二	137				3	0	0	0	0	0	0	5	1577	駆逐ハ級後期型	駆逐艦		38	38	小破未満		0		0	1	高速	46	82	36	29	0	7	0	0	短	5inch連装砲				高速深海魚雷				深海爆雷投射機															
90	2023-08-17 14:02:55	KW環礁沖海域	マップ:6-5 セル:13	ボス	勝利S	任務部隊 主力群	120	単縦陣	第三警戒航行序列	発見!	発見!	航空互角	反航戦					2	4			一式戦 隼II型(64戦隊)	18	四式重爆 飛龍	18	四式重爆 飛龍	18	四式重爆 飛龍	18	72	12	145	38	45	8	0	0	576	Nelson改	155	547	多摩改二	136	916	大和改二重	136	537	涼月改	149	553	伊勢改二	154	428	摩耶改二	137				3	0	0	0	0	0	0	6	1577	駆逐ハ級後期型	駆逐艦		0	38	轟沈		0		0	1	高速	46	82	36	29	0	7	0	0	短	5inch連装砲				高速深海魚雷				深海爆雷投射機															
91	2023-08-17 14:02:55	KW環礁沖海域	マップ:6-5 セル:13	ボス	勝利S	任務部隊 主力群	120	単縦陣	第三警戒航行序列	発見!	発見!	航空互角	反航戦					2	4			一式戦 隼II型(64戦隊)	18	四式重爆 飛龍	18	四式重爆 飛龍	18	四式重爆 飛龍	18	72	12	145	38	45	8	0	0	576	Nelson改	155	547	多摩改二	136	916	大和改二重	136	537	涼月改	149	553	伊勢改二	154	428	摩耶改二	137				3	0	0	0	0	0	0	7	1555	軽巡ヘ級 flagship	軽巡洋艦		0	57	轟沈		0		0	1	高速	51	80	34	39	0	17	5	0	中	6inch連装速射砲				深海棲艦偵察機				深海爆雷投射機				深海ソナー											
92	2023-08-17 14:02:55	KW環礁沖海域	マップ:6-5 セル:13	ボス	勝利S	任務部隊 主力群	120	単縦陣	第三警戒航行序列	発見!	発見!	航空互角	反航戦					2	4			一式戦 隼II型(64戦隊)	18	四式重爆 飛龍	18	四式重爆 飛龍	18	四式重爆 飛龍	18	72	12	145	38	45	8	0	0	576	Nelson改	155	547	多摩改二	136	916	大和改二重	136	537	涼月改	149	553	伊勢改二	154	428	摩耶改二	137				3	0	0	0	0	0	0	8	1527	重巡リ級 flagship	重巡洋艦		76	76	小破未満		0		0	1	高速	79	58	46	70	0	1	5	0	中	8inch三連装砲				6inch連装速射砲				高速深海魚雷				深海棲艦偵察機											
93	2023-08-17 14:02:55	KW環礁沖海域	マップ:6-5 セル:13	ボス	勝利S	任務部隊 主力群	120	単縦陣	第三警戒航行序列	発見!	発見!	航空互角	反航戦					2	4			一式戦 隼II型(64戦隊)	18	四式重爆 飛龍	18	四式重爆 飛龍	18	四式重爆 飛龍	18	72	12	145	38	45	8	0	0	576	Nelson改	155	547	多摩改二	136	916	大和改二重	136	537	涼月改	149	553	伊勢改二	154	428	摩耶改二	137				3	0	0	0	0	0	0	9	1527	重巡リ級 flagship	重巡洋艦		76	76	小破未満		0		0	1	高速	79	58	46	70	0	1	5	0	中	8inch三連装砲				6inch連装速射砲				高速深海魚雷				深海棲艦偵察機											
94	2023-08-17 14:02:55	KW環礁沖海域	マップ:6-5 セル:13	ボス	勝利S	任務部隊 主力群	120	単縦陣	第三警戒航行序列	発見!	発見!	航空互角	反航戦					2	4			一式戦 隼II型(64戦隊)	18	四式重爆 飛龍	18	四式重爆 飛龍	18	四式重爆 飛龍	18	72	12	145	38	45	8	0	0	576	Nelson改	155	547	多摩改二	136	916	大和改二重	136	537	涼月改	149	553	伊勢改二	154	428	摩耶改二	137				3	0	0	0	0	0	0	10	1577	駆逐ハ級後期型	駆逐艦		0	38	轟沈		0		0	1	高速	46	82	36	29	0	7	0	0	短	5inch連装砲				高速深海魚雷				深海爆雷投射機															
95	2023-08-17 14:02:55	KW環礁沖海域	マップ:6-5 セル:13	ボス	勝利S	任務部隊 主力群	120	単縦陣	第三警戒航行序列	発見!	発見!	航空互角	反航戦					2	4			一式戦 隼II型(64戦隊)	18	四式重爆 飛龍	18	四式重爆 飛龍	18	四式重爆 飛龍	18	72	12	145	38	45	8	0	0	576	Nelson改	155	547	多摩改二	136	916	大和改二重	136	537	涼月改	149	553	伊勢改二	154	428	摩耶改二	137				3	0	1	0	0	133	0	11	1575	駆逐イ級後期型	駆逐艦		35	35	小破未満		0		0	1	高速	40	60	30	22	0	23	0	0	短	5inch連装砲				深海ソナー Mk.II				深海爆雷投射機															
96	2023-08-17 14:02:55	KW環礁沖海域	マップ:6-5 セル:13	ボス	勝利S	任務部隊 主力群	120	単縦陣	第三警戒航行序列	発見!	発見!	航空互角	反航戦					2	4			一式戦 隼II型(64戦隊)	18	四式重爆 飛龍	18	四式重爆 飛龍	18	四式重爆 飛龍	18	72	12	145	38	45	8	0	0	576	Nelson改	155	547	多摩改二	136	916	大和改二重	136	537	涼月改	149	553	伊勢改二	154	428	摩耶改二	137				3	0	1	0	0	0	0	12	1575	駆逐イ級後期型	駆逐艦		35	35	小破未満		0		0	1	高速	40	60	30	22	0	23	0	0	短	5inch連装砲				深海ソナー Mk.II				深海爆雷投射機															
97	2023-08-17 14:39:35	KW環礁沖海域	マップ:6-5 セル:13	ボス	勝利S	任務部隊 主力群	120	単縦陣	第三警戒航行序列	発見!	発見!	航空互角	反航戦					1	1			二式陸上偵察機(熟練)	4	零式艦戦32型(台南空)	18	零式艦戦22型(251空)	18	Do 217 E-5+Hs293初期型	18	58	13	373	91	15	6	0	0	576	Nelson改	155	547	多摩改二	136	916	大和改二重	136	537	涼月改	149	553	伊勢改二	154	428	摩耶改二	137				1	0	0	0	0	0	0	1	1586	空母棲姫	正規空母		350	350	小破未満		0		0	1	高速	180	13	162	150	2	14	20	0	超短	深海猫艦戦				深海地獄艦爆				深海復讐艦攻				深海対空レーダ―											
98	2023-08-17 14:39:35	KW環礁沖海域	マップ:6-5 セル:13	ボス	勝利S	任務部隊 主力群	120	単縦陣	第三警戒航行序列	発見!	発見!	航空互角	反航戦					1	1			二式陸上偵察機(熟練)	4	零式艦戦32型(台南空)	18	零式艦戦22型(251空)	18	Do 217 E-5+Hs293初期型	18	58	13	373	91	15	6	0	0	576	Nelson改	155	547	多摩改二	136	916	大和改二重	136	537	涼月改	149	553	伊勢改二	154	428	摩耶改二	137				1	0	1	0	0	65	0	2	1615	空母ヲ級 flagship	正規空母		96	96	小破未満		0		0	1	高速	25	32	72	80	2	26	17	0	超短	深海猫艦戦改				深海地獄艦爆改				深海復讐艦攻改				深海復讐艦攻改											
99	2023-08-17 14:39:35	KW環礁沖海域	マップ:6-5 セル:13	ボス	勝利S	任務部隊 主力群	120	単縦陣	第三警戒航行序列	発見!	発見!	航空互角	反航戦					1	1			二式陸上偵察機(熟練)	4	零式艦戦32型(台南空)	18	零式艦戦22型(251空)	18	Do 217 E-5+Hs293初期型	18	58	13	373	91	15	6	0	0	576	Nelson改	155	547	多摩改二	136	916	大和改二重	136	537	涼月改	149	553	伊勢改二	154	428	摩耶改二	137				1	0	0	0	0	0	0	3	1615	空母ヲ級 flagship	正規空母		96	96	小破未満		0		0	1	高速	25	32	72	80	2	26	17	0	超短	深海猫艦戦改				深海地獄艦爆改				深海復讐艦攻改				深海復讐艦攻改											
100	2023-08-17 14:39:35	KW環礁沖海域	マップ:6-5 セル:13	ボス	勝利S	任務部隊 主力群	120	単縦陣	第三警戒航行序列	発見!	発見!	航空互角	反航戦					1	1			二式陸上偵察機(熟練)	4	零式艦戦32型(台南空)	18	零式艦戦22型(251空)	18	Do 217 E-5+Hs293初期型	18	58	13	373	91	15	6	0	0	576	Nelson改	155	547	多摩改二	136	916	大和改二重	136	537	涼月改	149	553	伊勢改二	154	428	摩耶改二	137				1	0	0	0	0	0	0	4	1592	軽巡ツ級 elite	軽巡洋艦		66	66	小破未満		0		0	1	高速	68	92	115	68	0	17	5	0	中	5inch連装両用莢砲				5inch連装両用莢砲				深海ソナー Mk.II				深海棲艦偵察機											
101	2023-08-17 14:39:35	KW環礁沖海域	マップ:6-5 セル:13	ボス	勝利S	任務部隊 主力群	120	単縦陣	第三警戒航行序列	発見!	発見!	航空互角	反航戦					1	1			二式陸上偵察機(熟練)	4	零式艦戦32型(台南空)	18	零式艦戦22型(251空)	18	Do 217 E-5+Hs293初期型	18	58	13	373	91	15	6	0	0	576	Nelson改	155	547	多摩改二	136	916	大和改二重	136	537	涼月改	149	553	伊勢改二	154	428	摩耶改二	137				1	0	0	0	0	0	0	5	1578	駆逐ニ級後期型	駆逐艦		40	40	小破未満		0		0	1	高速	50	94	38	33	0	7	0	0	短	5inch連装砲				高速深海魚雷				深海爆雷投射機															
102	2023-08-17 14:39:35	KW環礁沖海域	マップ:6-5 セル:13	ボス	勝利S	任務部隊 主力群	120	単縦陣	第三警戒航行序列	発見!	発見!	航空互角	反航戦					1	1			二式陸上偵察機(熟練)	4	零式艦戦32型(台南空)	18	零式艦戦22型(251空)	18	Do 217 E-5+Hs293初期型	18	58	13	373	91	15	6	0	0	576	Nelson改	155	547	多摩改二	136	916	大和改二重	136	537	涼月改	149	553	伊勢改二	154	428	摩耶改二	137				1	0	0	0	0	0	0	6	1578	駆逐ニ級後期型	駆逐艦		40	40	小破未満		0		0	1	高速	50	94	38	33	0	7	0	0	短	5inch連装砲				高速深海魚雷				深海爆雷投射機															
103	2023-08-17 14:39:35	KW環礁沖海域	マップ:6-5 セル:13	ボス	勝利S	任務部隊 主力群	120	単縦陣	第三警戒航行序列	発見!	発見!	航空互角	反航戦					1	1			二式陸上偵察機(熟練)	4	零式艦戦32型(台南空)	18	零式艦戦22型(251空)	18	Do 217 E-5+Hs293初期型	18	58	13	373	91	15	6	0	0	576	Nelson改	155	547	多摩改二	136	916	大和改二重	136	537	涼月改	149	553	伊勢改二	154	428	摩耶改二	137				1	0	0	0	0	0	0	7	1555	軽巡ヘ級 flagship	軽巡洋艦		57	57	小破未満		0		0	1	高速	51	80	34	39	0	17	5	0	中	6inch連装速射砲				深海棲艦偵察機				深海爆雷投射機				深海ソナー											
104	2023-08-17 14:39:35	KW環礁沖海域	マップ:6-5 セル:13	ボス	勝利S	任務部隊 主力群	120	単縦陣	第三警戒航行序列	発見!	発見!	航空互角	反航戦					1	1			二式陸上偵察機(熟練)	4	零式艦戦32型(台南空)	18	零式艦戦22型(251空)	18	Do 217 E-5+Hs293初期型	18	58	13	373	91	15	6	0	0	576	Nelson改	155	547	多摩改二	136	916	大和改二重	136	537	涼月改	149	553	伊勢改二	154	428	摩耶改二	137				1	0	0	0	0	0	0	8	1527	重巡リ級 flagship	重巡洋艦		76	76	小破未満		0		0	1	高速	79	58	46	70	0	1	5	0	中	8inch三連装砲				6inch連装速射砲				高速深海魚雷				深海棲艦偵察機											
105	2023-08-17 14:39:35	KW環礁沖海域	マップ:6-5 セル:13	ボス	勝利S	任務部隊 主力群	120	単縦陣	第三警戒航行序列	発見!	発見!	航空互角	反航戦					1	1			二式陸上偵察機(熟練)	4	零式艦戦32型(台南空)	18	零式艦戦22型(251空)	18	Do 217 E-5+Hs293初期型	18	58	13	373	91	15	6	0	0	576	Nelson改	155	547	多摩改二	136	916	大和改二重	136	537	涼月改	149	553	伊勢改二	154	428	摩耶改二	137				1	0	0	0	0	0	0	9	1527	重巡リ級 flagship	重巡洋艦		76	76	小破未満		0		0	1	高速	79	58	46	70	0	1	5	0	中	8inch三連装砲				6inch連装速射砲				高速深海魚雷				深海棲艦偵察機											
106	2023-08-17 14:39:35	KW環礁沖海域	マップ:6-5 セル:13	ボス	勝利S	任務部隊 主力群	120	単縦陣	第三警戒航行序列	発見!	発見!	航空互角	反航戦					1	1			二式陸上偵察機(熟練)	4	零式艦戦32型(台南空)	18	零式艦戦22型(251空)	18	Do 217 E-5+Hs293初期型	18	58	13	373	91	15	6	0	0	576	Nelson改	155	547	多摩改二	136	916	大和改二重	136	537	涼月改	149	553	伊勢改二	154	428	摩耶改二	137				1	0	0	0	0	0	0	10	1577	駆逐ハ級後期型	駆逐艦		38	38	小破未満		0		0	1	高速	46	82	36	29	0	7	0	0	短	5inch連装砲				高速深海魚雷				深海爆雷投射機															
107	2023-08-17 14:39:35	KW環礁沖海域	マップ:6-5 セル:13	ボス	勝利S	任務部隊 主力群	120	単縦陣	第三警戒航行序列	発見!	発見!	航空互角	反航戦					1	1			二式陸上偵察機(熟練)	4	零式艦戦32型(台南空)	18	零式艦戦22型(251空)	18	Do 217 E-5+Hs293初期型	18	58	13	373	91	15	6	0	0	576	Nelson改	155	547	多摩改二	136	916	大和改二重	136	537	涼月改	149	553	伊勢改二	154	428	摩耶改二	137				1	0	0	0	0	0	0	11	1576	駆逐ロ級後期型	駆逐艦		37	37	小破未満		0		0	1	高速	40	66	32	26	0	23	0	0	短	5inch連装砲				深海ソナー Mk.II				深海爆雷投射機															
108	2023-08-17 14:39:35	KW環礁沖海域	マップ:6-5 セル:13	ボス	勝利S	任務部隊 主力群	120	単縦陣	第三警戒航行序列	発見!	発見!	航空互角	反航戦					1	1			二式陸上偵察機(熟練)	4	零式艦戦32型(台南空)	18	零式艦戦22型(251空)	18	Do 217 E-5+Hs293初期型	18	58	13	373	91	15	6	0	0	576	Nelson改	155	547	多摩改二	136	916	大和改二重	136	537	涼月改	149	553	伊勢改二	154	428	摩耶改二	137				1	0	0	0	0	0	0	12	1576	駆逐ロ級後期型	駆逐艦		37	37	小破未満		0		0	1	高速	40	66	32	26	0	23	0	0	短	5inch連装砲				深海ソナー Mk.II				深海爆雷投射機															
109	2023-08-17 14:39:35	KW環礁沖海域	マップ:6-5 セル:13	ボス	勝利S	任務部隊 主力群	120	単縦陣	第三警戒航行序列	発見!	発見!	航空互角	反航戦					1	2			二式陸上偵察機(熟練)	4	零式艦戦32型(台南空)	18	零式艦戦22型(251空)	18	Do 217 E-5+Hs293初期型	18	58	8	282	73	15	3	0	0	576	Nelson改	155	547	多摩改二	136	916	大和改二重	136	537	涼月改	149	553	伊勢改二	154	428	摩耶改二	137				1	0	0	0	0	0	0	1	1586	空母棲姫	正規空母		350	350	小破未満		0		0	1	高速	180	13	162	150	2	14	20	0	超短	深海猫艦戦				深海地獄艦爆				深海復讐艦攻				深海対空レーダ―											
110	2023-08-17 14:39:35	KW環礁沖海域	マップ:6-5 セル:13	ボス	勝利S	任務部隊 主力群	120	単縦陣	第三警戒航行序列	発見!	発見!	航空互角	反航戦					1	2			二式陸上偵察機(熟練)	4	零式艦戦32型(台南空)	18	零式艦戦22型(251空)	18	Do 217 E-5+Hs293初期型	18	58	8	282	73	15	3	0	0	576	Nelson改	155	547	多摩改二	136	916	大和改二重	136	537	涼月改	149	553	伊勢改二	154	428	摩耶改二	137				1	0	0	0	0	0	0	2	1615	空母ヲ級 flagship	正規空母		31	96	中破		0		0	1	高速	25	32	72	80	2	26	17	0	超短	深海猫艦戦改				深海地獄艦爆改				深海復讐艦攻改				深海復讐艦攻改											
111	2023-08-17 14:39:35	KW環礁沖海域	マップ:6-5 セル:13	ボス	勝利S	任務部隊 主力群	120	単縦陣	第三警戒航行序列	発見!	発見!	航空互角	反航戦					1	2			二式陸上偵察機(熟練)	4	零式艦戦32型(台南空)	18	零式艦戦22型(251空)	18	Do 217 E-5+Hs293初期型	18	58	8	282	73	15	3	0	0	576	Nelson改	155	547	多摩改二	136	916	大和改二重	136	537	涼月改	149	553	伊勢改二	154	428	摩耶改二	137				1	0	1	0	0	78	0	3	1615	空母ヲ級 flagship	正規空母		96	96	小破未満		0		0	1	高速	25	32	72	80	2	26	17	0	超短	深海猫艦戦改				深海地獄艦爆改				深海復讐艦攻改				深海復讐艦攻改											
112	2023-08-17 14:39:35	KW環礁沖海域	マップ:6-5 セル:13	ボス	勝利S	任務部隊 主力群	120	単縦陣	第三警戒航行序列	発見!	発見!	航空互角	反航戦					1	2			二式陸上偵察機(熟練)	4	零式艦戦32型(台南空)	18	零式艦戦22型(251空)	18	Do 217 E-5+Hs293初期型	18	58	8	282	73	15	3	0	0	576	Nelson改	155	547	多摩改二	136	916	大和改二重	136	537	涼月改	149	553	伊勢改二	154	428	摩耶改二	137				1	0	0	0	0	0	0	4	1592	軽巡ツ級 elite	軽巡洋艦		66	66	小破未満		0		0	1	高速	68	92	115	68	0	17	5	0	中	5inch連装両用莢砲				5inch連装両用莢砲				深海ソナー Mk.II				深海棲艦偵察機											
113	2023-08-17 14:39:35	KW環礁沖海域	マップ:6-5 セル:13	ボス	勝利S	任務部隊 主力群	120	単縦陣	第三警戒航行序列	発見!	発見!	航空互角	反航戦					1	2			二式陸上偵察機(熟練)	4	零式艦戦32型(台南空)	18	零式艦戦22型(251空)	18	Do 217 E-5+Hs293初期型	18	58	8	282	73	15	3	0	0	576	Nelson改	155	547	多摩改二	136	916	大和改二重	136	537	涼月改	149	553	伊勢改二	154	428	摩耶改二	137				1	0	0	0	0	0	0	5	1578	駆逐ニ級後期型	駆逐艦		40	40	小破未満		0		0	1	高速	50	94	38	33	0	7	0	0	短	5inch連装砲				高速深海魚雷				深海爆雷投射機															
114	2023-08-17 14:39:35	KW環礁沖海域	マップ:6-5 セル:13	ボス	勝利S	任務部隊 主力群	120	単縦陣	第三警戒航行序列	発見!	発見!	航空互角	反航戦					1	2			二式陸上偵察機(熟練)	4	零式艦戦32型(台南空)	18	零式艦戦22型(251空)	18	Do 217 E-5+Hs293初期型	18	58	8	282	73	15	3	0	0	576	Nelson改	155	547	多摩改二	136	916	大和改二重	136	537	涼月改	149	553	伊勢改二	154	428	摩耶改二	137				1	0	0	0	0	0	0	6	1578	駆逐ニ級後期型	駆逐艦		40	40	小破未満		0		0	1	高速	50	94	38	33	0	7	0	0	短	5inch連装砲				高速深海魚雷				深海爆雷投射機															
115	2023-08-17 14:39:35	KW環礁沖海域	マップ:6-5 セル:13	ボス	勝利S	任務部隊 主力群	120	単縦陣	第三警戒航行序列	発見!	発見!	航空互角	反航戦					1	2			二式陸上偵察機(熟練)	4	零式艦戦32型(台南空)	18	零式艦戦22型(251空)	18	Do 217 E-5+Hs293初期型	18	58	8	282	73	15	3	0	0	576	Nelson改	155	547	多摩改二	136	916	大和改二重	136	537	涼月改	149	553	伊勢改二	154	428	摩耶改二	137				1	0	0	0	0	0	0	7	1555	軽巡ヘ級 flagship	軽巡洋艦		57	57	小破未満		0		0	1	高速	51	80	34	39	0	17	5	0	中	6inch連装速射砲				深海棲艦偵察機				深海爆雷投射機				深海ソナー											
116	2023-08-17 14:39:35	KW環礁沖海域	マップ:6-5 セル:13	ボス	勝利S	任務部隊 主力群	120	単縦陣	第三警戒航行序列	発見!	発見!	航空互角	反航戦					1	2			二式陸上偵察機(熟練)	4	零式艦戦32型(台南空)	18	零式艦戦22型(251空)	18	Do 217 E-5+Hs293初期型	18	58	8	282	73	15	3	0	0	576	Nelson改	155	547	多摩改二	136	916	大和改二重	136	537	涼月改	149	553	伊勢改二	154	428	摩耶改二	137				1	0	0	0	0	0	0	8	1527	重巡リ級 flagship	重巡洋艦		76	76	小破未満		0		0	1	高速	79	58	46	70	0	1	5	0	中	8inch三連装砲				6inch連装速射砲				高速深海魚雷				深海棲艦偵察機											
117	2023-08-17 14:39:35	KW環礁沖海域	マップ:6-5 セル:13	ボス	勝利S	任務部隊 主力群	120	単縦陣	第三警戒航行序列	発見!	発見!	航空互角	反航戦					1	2			二式陸上偵察機(熟練)	4	零式艦戦32型(台南空)	18	零式艦戦22型(251空)	18	Do 217 E-5+Hs293初期型	18	58	8	282	73	15	3	0	0	576	Nelson改	155	547	多摩改二	136	916	大和改二重	136	537	涼月改	149	553	伊勢改二	154	428	摩耶改二	137				1	0	0	0	0	0	0	9	1527	重巡リ級 flagship	重巡洋艦		76	76	小破未満		0		0	1	高速	79	58	46	70	0	1	5	0	中	8inch三連装砲				6inch連装速射砲				高速深海魚雷				深海棲艦偵察機											
118	2023-08-17 14:39:35	KW環礁沖海域	マップ:6-5 セル:13	ボス	勝利S	任務部隊 主力群	120	単縦陣	第三警戒航行序列	発見!	発見!	航空互角	反航戦					1	2			二式陸上偵察機(熟練)	4	零式艦戦32型(台南空)	18	零式艦戦22型(251空)	18	Do 217 E-5+Hs293初期型	18	58	8	282	73	15	3	0	0	576	Nelson改	155	547	多摩改二	136	916	大和改二重	136	537	涼月改	149	553	伊勢改二	154	428	摩耶改二	137				1	0	0	0	0	0	0	10	1577	駆逐ハ級後期型	駆逐艦		38	38	小破未満		0		0	1	高速	46	82	36	29	0	7	0	0	短	5inch連装砲				高速深海魚雷				深海爆雷投射機															
119	2023-08-17 14:39:35	KW環礁沖海域	マップ:6-5 セル:13	ボス	勝利S	任務部隊 主力群	120	単縦陣	第三警戒航行序列	発見!	発見!	航空互角	反航戦					1	2			二式陸上偵察機(熟練)	4	零式艦戦32型(台南空)	18	零式艦戦22型(251空)	18	Do 217 E-5+Hs293初期型	18	58	8	282	73	15	3	0	0	576	Nelson改	155	547	多摩改二	136	916	大和改二重	136	537	涼月改	149	553	伊勢改二	154	428	摩耶改二	137				1	0	0	0	0	0	0	11	1576	駆逐ロ級後期型	駆逐艦		37	37	小破未満		0		0	1	高速	40	66	32	26	0	23	0	0	短	5inch連装砲				深海ソナー Mk.II				深海爆雷投射機															
120	2023-08-17 14:39:35	KW環礁沖海域	マップ:6-5 セル:13	ボス	勝利S	任務部隊 主力群	120	単縦陣	第三警戒航行序列	発見!	発見!	航空互角	反航戦					1	2			二式陸上偵察機(熟練)	4	零式艦戦32型(台南空)	18	零式艦戦22型(251空)	18	Do 217 E-5+Hs293初期型	18	58	8	282	73	15	3	0	0	576	Nelson改	155	547	多摩改二	136	916	大和改二重	136	537	涼月改	149	553	伊勢改二	154	428	摩耶改二	137				1	0	0	0	0	0	0	12	1576	駆逐ロ級後期型	駆逐艦		37	37	小破未満		0		0	1	高速	40	66	32	26	0	23	0	0	短	5inch連装砲				深海ソナー Mk.II				深海爆雷投射機															
121	2023-08-17 14:39:35	KW環礁沖海域	マップ:6-5 セル:13	ボス	勝利S	任務部隊 主力群	120	単縦陣	第三警戒航行序列	発見!	発見!	航空互角	反航戦					2	3			一式戦 隼II型(64戦隊)	18	四式重爆 飛龍	18	四式重爆 飛龍	18	四式重爆 飛龍	18	72	13	209	72	45	6	0	0	576	Nelson改	155	547	多摩改二	136	916	大和改二重	136	537	涼月改	149	553	伊勢改二	154	428	摩耶改二	137				2	0	0	0	0	0	0	1	1586	空母棲姫	正規空母		350	350	小破未満		0		0	1	高速	180	13	162	150	2	14	20	0	超短	深海猫艦戦				深海地獄艦爆				深海復讐艦攻				深海対空レーダ―											
122	2023-08-17 14:39:35	KW環礁沖海域	マップ:6-5 セル:13	ボス	勝利S	任務部隊 主力群	120	単縦陣	第三警戒航行序列	発見!	発見!	航空互角	反航戦					2	3			一式戦 隼II型(64戦隊)	18	四式重爆 飛龍	18	四式重爆 飛龍	18	四式重爆 飛龍	18	72	13	209	72	45	6	0	0	576	Nelson改	155	547	多摩改二	136	916	大和改二重	136	537	涼月改	149	553	伊勢改二	154	428	摩耶改二	137				2	0	0	0	0	0	0	2	1615	空母ヲ級 flagship	正規空母		31	96	中破		0		0	1	高速	25	32	72	80	2	26	17	0	超短	深海猫艦戦改				深海地獄艦爆改				深海復讐艦攻改				深海復讐艦攻改											
123	2023-08-17 14:39:35	KW環礁沖海域	マップ:6-5 セル:13	ボス	勝利S	任務部隊 主力群	120	単縦陣	第三警戒航行序列	発見!	発見!	航空互角	反航戦					2	3			一式戦 隼II型(64戦隊)	18	四式重爆 飛龍	18	四式重爆 飛龍	18	四式重爆 飛龍	18	72	13	209	72	45	6	0	0	576	Nelson改	155	547	多摩改二	136	916	大和改二重	136	537	涼月改	149	553	伊勢改二	154	428	摩耶改二	137				2	0	0	0	0	0	0	3	1615	空母ヲ級 flagship	正規空母		18	96	大破		0		0	1	高速	25	32	72	80	2	26	17	0	超短	深海猫艦戦改				深海地獄艦爆改				深海復讐艦攻改				深海復讐艦攻改											
124	2023-08-17 14:39:35	KW環礁沖海域	マップ:6-5 セル:13	ボス	勝利S	任務部隊 主力群	120	単縦陣	第三警戒航行序列	発見!	発見!	航空互角	反航戦					2	3			一式戦 隼II型(64戦隊)	18	四式重爆 飛龍	18	四式重爆 飛龍	18	四式重爆 飛龍	18	72	13	209	72	45	6	0	0	576	Nelson改	155	547	多摩改二	136	916	大和改二重	136	537	涼月改	149	553	伊勢改二	154	428	摩耶改二	137				2	0	0	0	0	0	0	4	1592	軽巡ツ級 elite	軽巡洋艦		66	66	小破未満		0		0	1	高速	68	92	115	68	0	17	5	0	中	5inch連装両用莢砲				5inch連装両用莢砲				深海ソナー Mk.II				深海棲艦偵察機											
125	2023-08-17 14:39:35	KW環礁沖海域	マップ:6-5 セル:13	ボス	勝利S	任務部隊 主力群	120	単縦陣	第三警戒航行序列	発見!	発見!	航空互角	反航戦					2	3			一式戦 隼II型(64戦隊)	18	四式重爆 飛龍	18	四式重爆 飛龍	18	四式重爆 飛龍	18	72	13	209	72	45	6	0	0	576	Nelson改	155	547	多摩改二	136	916	大和改二重	136	537	涼月改	149	553	伊勢改二	154	428	摩耶改二	137				2	0	0	0	0	0	0	5	1578	駆逐ニ級後期型	駆逐艦		40	40	小破未満		0		0	1	高速	50	94	38	33	0	7	0	0	短	5inch連装砲				高速深海魚雷				深海爆雷投射機															
126	2023-08-17 14:39:35	KW環礁沖海域	マップ:6-5 セル:13	ボス	勝利S	任務部隊 主力群	120	単縦陣	第三警戒航行序列	発見!	発見!	航空互角	反航戦					2	3			一式戦 隼II型(64戦隊)	18	四式重爆 飛龍	18	四式重爆 飛龍	18	四式重爆 飛龍	18	72	13	209	72	45	6	0	0	576	Nelson改	155	547	多摩改二	136	916	大和改二重	136	537	涼月改	149	553	伊勢改二	154	428	摩耶改二	137				2	0	0	0	0	0	0	6	1578	駆逐ニ級後期型	駆逐艦		40	40	小破未満		0		0	1	高速	50	94	38	33	0	7	0	0	短	5inch連装砲				高速深海魚雷				深海爆雷投射機															
127	2023-08-17 14:39:35	KW環礁沖海域	マップ:6-5 セル:13	ボス	勝利S	任務部隊 主力群	120	単縦陣	第三警戒航行序列	発見!	発見!	航空互角	反航戦					2	3			一式戦 隼II型(64戦隊)	18	四式重爆 飛龍	18	四式重爆 飛龍	18	四式重爆 飛龍	18	72	13	209	72	45	6	0	0	576	Nelson改	155	547	多摩改二	136	916	大和改二重	136	537	涼月改	149	553	伊勢改二	154	428	摩耶改二	137				2	0	0	0	0	0	0	7	1555	軽巡ヘ級 flagship	軽巡洋艦		57	57	小破未満		0		0	1	高速	51	80	34	39	0	17	5	0	中	6inch連装速射砲				深海棲艦偵察機				深海爆雷投射機				深海ソナー											
128	2023-08-17 14:39:35	KW環礁沖海域	マップ:6-5 セル:13	ボス	勝利S	任務部隊 主力群	120	単縦陣	第三警戒航行序列	発見!	発見!	航空互角	反航戦					2	3			一式戦 隼II型(64戦隊)	18	四式重爆 飛龍	18	四式重爆 飛龍	18	四式重爆 飛龍	18	72	13	209	72	45	6	0	0	576	Nelson改	155	547	多摩改二	136	916	大和改二重	136	537	涼月改	149	553	伊勢改二	154	428	摩耶改二	137				2	0	0	0	0	0	0	8	1527	重巡リ級 flagship	重巡洋艦		76	76	小破未満		0		0	1	高速	79	58	46	70	0	1	5	0	中	8inch三連装砲				6inch連装速射砲				高速深海魚雷				深海棲艦偵察機											
129	2023-08-17 14:39:35	KW環礁沖海域	マップ:6-5 セル:13	ボス	勝利S	任務部隊 主力群	120	単縦陣	第三警戒航行序列	発見!	発見!	航空互角	反航戦					2	3			一式戦 隼II型(64戦隊)	18	四式重爆 飛龍	18	四式重爆 飛龍	18	四式重爆 飛龍	18	72	13	209	72	45	6	0	0	576	Nelson改	155	547	多摩改二	136	916	大和改二重	136	537	涼月改	149	553	伊勢改二	154	428	摩耶改二	137				2	0	0	0	0	0	0	9	1527	重巡リ級 flagship	重巡洋艦		76	76	小破未満		0		0	1	高速	79	58	46	70	0	1	5	0	中	8inch三連装砲				6inch連装速射砲				高速深海魚雷				深海棲艦偵察機											
130	2023-08-17 14:39:35	KW環礁沖海域	マップ:6-5 セル:13	ボス	勝利S	任務部隊 主力群	120	単縦陣	第三警戒航行序列	発見!	発見!	航空互角	反航戦					2	3			一式戦 隼II型(64戦隊)	18	四式重爆 飛龍	18	四式重爆 飛龍	18	四式重爆 飛龍	18	72	13	209	72	45	6	0	0	576	Nelson改	155	547	多摩改二	136	916	大和改二重	136	537	涼月改	149	553	伊勢改二	154	428	摩耶改二	137				2	0	0	0	0	0	0	10	1577	駆逐ハ級後期型	駆逐艦		38	38	小破未満		0		0	1	高速	46	82	36	29	0	7	0	0	短	5inch連装砲				高速深海魚雷				深海爆雷投射機															
131	2023-08-17 14:39:35	KW環礁沖海域	マップ:6-5 セル:13	ボス	勝利S	任務部隊 主力群	120	単縦陣	第三警戒航行序列	発見!	発見!	航空互角	反航戦					2	3			一式戦 隼II型(64戦隊)	18	四式重爆 飛龍	18	四式重爆 飛龍	18	四式重爆 飛龍	18	72	13	209	72	45	6	0	0	576	Nelson改	155	547	多摩改二	136	916	大和改二重	136	537	涼月改	149	553	伊勢改二	154	428	摩耶改二	137				2	0	1	0	0	267	0	11	1576	駆逐ロ級後期型	駆逐艦		37	37	小破未満		0		0	1	高速	40	66	32	26	0	23	0	0	短	5inch連装砲				深海ソナー Mk.II				深海爆雷投射機															
132	2023-08-17 14:39:35	KW環礁沖海域	マップ:6-5 セル:13	ボス	勝利S	任務部隊 主力群	120	単縦陣	第三警戒航行序列	発見!	発見!	航空互角	反航戦					2	3			一式戦 隼II型(64戦隊)	18	四式重爆 飛龍	18	四式重爆 飛龍	18	四式重爆 飛龍	18	72	13	209	72	45	6	0	0	576	Nelson改	155	547	多摩改二	136	916	大和改二重	136	537	涼月改	149	553	伊勢改二	154	428	摩耶改二	137				2	0	1	0	0	0	0	12	1576	駆逐ロ級後期型	駆逐艦		37	37	小破未満		0		0	1	高速	40	66	32	26	0	23	0	0	短	5inch連装砲				深海ソナー Mk.II				深海爆雷投射機															
133	2023-08-17 14:39:35	KW環礁沖海域	マップ:6-5 セル:13	ボス	勝利S	任務部隊 主力群	120	単縦陣	第三警戒航行序列	発見!	発見!	航空互角	反航戦					2	4			一式戦 隼II型(64戦隊)	18	四式重爆 飛龍	18	四式重爆 飛龍	18	四式重爆 飛龍	18	72	13	137	51	45	26	0	0	576	Nelson改	155	547	多摩改二	136	916	大和改二重	136	537	涼月改	149	553	伊勢改二	154	428	摩耶改二	137				2	0	0	0	0	0	0	1	1586	空母棲姫	正規空母		350	350	小破未満		0		0	1	高速	180	13	162	150	2	14	20	0	超短	深海猫艦戦				深海地獄艦爆				深海復讐艦攻				深海対空レーダ―											
134	2023-08-17 14:39:35	KW環礁沖海域	マップ:6-5 セル:13	ボス	勝利S	任務部隊 主力群	120	単縦陣	第三警戒航行序列	発見!	発見!	航空互角	反航戦					2	4			一式戦 隼II型(64戦隊)	18	四式重爆 飛龍	18	四式重爆 飛龍	18	四式重爆 飛龍	18	72	13	137	51	45	26	0	0	576	Nelson改	155	547	多摩改二	136	916	大和改二重	136	537	涼月改	149	553	伊勢改二	154	428	摩耶改二	137				2	0	1	0	0	0	0	2	1615	空母ヲ級 flagship	正規空母		31	96	中破		0		0	1	高速	25	32	72	80	2	26	17	0	超短	深海猫艦戦改				深海地獄艦爆改				深海復讐艦攻改				深海復讐艦攻改											
135	2023-08-17 14:39:35	KW環礁沖海域	マップ:6-5 セル:13	ボス	勝利S	任務部隊 主力群	120	単縦陣	第三警戒航行序列	発見!	発見!	航空互角	反航戦					2	4			一式戦 隼II型(64戦隊)	18	四式重爆 飛龍	18	四式重爆 飛龍	18	四式重爆 飛龍	18	72	13	137	51	45	26	0	0	576	Nelson改	155	547	多摩改二	136	916	大和改二重	136	537	涼月改	149	553	伊勢改二	154	428	摩耶改二	137				2	0	0	0	0	0	0	3	1615	空母ヲ級 flagship	正規空母		18	96	大破		0		0	1	高速	25	32	72	80	2	26	17	0	超短	深海猫艦戦改				深海地獄艦爆改				深海復讐艦攻改				深海復讐艦攻改											
136	2023-08-17 14:39:35	KW環礁沖海域	マップ:6-5 セル:13	ボス	勝利S	任務部隊 主力群	120	単縦陣	第三警戒航行序列	発見!	発見!	航空互角	反航戦					2	4			一式戦 隼II型(64戦隊)	18	四式重爆 飛龍	18	四式重爆 飛龍	18	四式重爆 飛龍	18	72	13	137	51	45	26	0	0	576	Nelson改	155	547	多摩改二	136	916	大和改二重	136	537	涼月改	149	553	伊勢改二	154	428	摩耶改二	137				2	0	0	0	0	0	0	4	1592	軽巡ツ級 elite	軽巡洋艦		66	66	小破未満		0		0	1	高速	68	92	115	68	0	17	5	0	中	5inch連装両用莢砲				5inch連装両用莢砲				深海ソナー Mk.II				深海棲艦偵察機											
137	2023-08-17 14:39:35	KW環礁沖海域	マップ:6-5 セル:13	ボス	勝利S	任務部隊 主力群	120	単縦陣	第三警戒航行序列	発見!	発見!	航空互角	反航戦					2	4			一式戦 隼II型(64戦隊)	18	四式重爆 飛龍	18	四式重爆 飛龍	18	四式重爆 飛龍	18	72	13	137	51	45	26	0	0	576	Nelson改	155	547	多摩改二	136	916	大和改二重	136	537	涼月改	149	553	伊勢改二	154	428	摩耶改二	137				2	0	0	0	0	0	0	5	1578	駆逐ニ級後期型	駆逐艦		40	40	小破未満		0		0	1	高速	50	94	38	33	0	7	0	0	短	5inch連装砲				高速深海魚雷				深海爆雷投射機															
138	2023-08-17 14:39:35	KW環礁沖海域	マップ:6-5 セル:13	ボス	勝利S	任務部隊 主力群	120	単縦陣	第三警戒航行序列	発見!	発見!	航空互角	反航戦					2	4			一式戦 隼II型(64戦隊)	18	四式重爆 飛龍	18	四式重爆 飛龍	18	四式重爆 飛龍	18	72	13	137	51	45	26	0	0	576	Nelson改	155	547	多摩改二	136	916	大和改二重	136	537	涼月改	149	553	伊勢改二	154	428	摩耶改二	137				2	0	0	0	0	0	0	6	1578	駆逐ニ級後期型	駆逐艦		40	40	小破未満		0		0	1	高速	50	94	38	33	0	7	0	0	短	5inch連装砲				高速深海魚雷				深海爆雷投射機															
139	2023-08-17 14:39:35	KW環礁沖海域	マップ:6-5 セル:13	ボス	勝利S	任務部隊 主力群	120	単縦陣	第三警戒航行序列	発見!	発見!	航空互角	反航戦					2	4			一式戦 隼II型(64戦隊)	18	四式重爆 飛龍	18	四式重爆 飛龍	18	四式重爆 飛龍	18	72	13	137	51	45	26	0	0	576	Nelson改	155	547	多摩改二	136	916	大和改二重	136	537	涼月改	149	553	伊勢改二	154	428	摩耶改二	137				2	0	0	0	0	0	0	7	1555	軽巡ヘ級 flagship	軽巡洋艦		57	57	小破未満		0		0	1	高速	51	80	34	39	0	17	5	0	中	6inch連装速射砲				深海棲艦偵察機				深海爆雷投射機				深海ソナー											
140	2023-08-17 14:39:35	KW環礁沖海域	マップ:6-5 セル:13	ボス	勝利S	任務部隊 主力群	120	単縦陣	第三警戒航行序列	発見!	発見!	航空互角	反航戦					2	4			一式戦 隼II型(64戦隊)	18	四式重爆 飛龍	18	四式重爆 飛龍	18	四式重爆 飛龍	18	72	13	137	51	45	26	0	0	576	Nelson改	155	547	多摩改二	136	916	大和改二重	136	537	涼月改	149	553	伊勢改二	154	428	摩耶改二	137				2	0	0	0	0	0	0	8	1527	重巡リ級 flagship	重巡洋艦		76	76	小破未満		0		0	1	高速	79	58	46	70	0	1	5	0	中	8inch三連装砲				6inch連装速射砲				高速深海魚雷				深海棲艦偵察機											
141	2023-08-17 14:39:35	KW環礁沖海域	マップ:6-5 セル:13	ボス	勝利S	任務部隊 主力群	120	単縦陣	第三警戒航行序列	発見!	発見!	航空互角	反航戦					2	4			一式戦 隼II型(64戦隊)	18	四式重爆 飛龍	18	四式重爆 飛龍	18	四式重爆 飛龍	18	72	13	137	51	45	26	0	0	576	Nelson改	155	547	多摩改二	136	916	大和改二重	136	537	涼月改	149	553	伊勢改二	154	428	摩耶改二	137				2	0	0	0	0	0	0	9	1527	重巡リ級 flagship	重巡洋艦		76	76	小破未満		0		0	1	高速	79	58	46	70	0	1	5	0	中	8inch三連装砲				6inch連装速射砲				高速深海魚雷				深海棲艦偵察機											
142	2023-08-17 14:39:35	KW環礁沖海域	マップ:6-5 セル:13	ボス	勝利S	任務部隊 主力群	120	単縦陣	第三警戒航行序列	発見!	発見!	航空互角	反航戦					2	4			一式戦 隼II型(64戦隊)	18	四式重爆 飛龍	18	四式重爆 飛龍	18	四式重爆 飛龍	18	72	13	137	51	45	26	0	0	576	Nelson改	155	547	多摩改二	136	916	大和改二重	136	537	涼月改	149	553	伊勢改二	154	428	摩耶改二	137				2	0	0	0	0	0	0	10	1577	駆逐ハ級後期型	駆逐艦		38	38	小破未満		0		0	1	高速	46	82	36	29	0	7	0	0	短	5inch連装砲				高速深海魚雷				深海爆雷投射機															
143	2023-08-17 14:39:35	KW環礁沖海域	マップ:6-5 セル:13	ボス	勝利S	任務部隊 主力群	120	単縦陣	第三警戒航行序列	発見!	発見!	航空互角	反航戦					2	4			一式戦 隼II型(64戦隊)	18	四式重爆 飛龍	18	四式重爆 飛龍	18	四式重爆 飛龍	18	72	13	137	51	45	26	0	0	576	Nelson改	155	547	多摩改二	136	916	大和改二重	136	537	涼月改	149	553	伊勢改二	154	428	摩耶改二	137				2	0	0	0	0	0	0	11	1576	駆逐ロ級後期型	駆逐艦		0	37	轟沈		0		0	1	高速	40	66	32	26	0	23	0	0	短	5inch連装砲				深海ソナー Mk.II				深海爆雷投射機															
144	2023-08-17 14:39:35	KW環礁沖海域	マップ:6-5 セル:13	ボス	勝利S	任務部隊 主力群	120	単縦陣	第三警戒航行序列	発見!	発見!	航空互角	反航戦					2	4			一式戦 隼II型(64戦隊)	18	四式重爆 飛龍	18	四式重爆 飛龍	18	四式重爆 飛龍	18	72	13	137	51	45	26	0	0	576	Nelson改	155	547	多摩改二	136	916	大和改二重	136	537	涼月改	149	553	伊勢改二	154	428	摩耶改二	137				2	0	1	0	0	82	0	12	1576	駆逐ロ級後期型	駆逐艦		37	37	小破未満		0		0	1	高速	40	66	32	26	0	23	0	0	短	5inch連装砲				深海ソナー Mk.II				深海爆雷投射機															
