No.	日付	海域	マス	出撃	ランク	敵艦隊	提督レベル	自陣形	敵陣形	自索敵	敵索敵	制空権	会敵	自触接	敵触接	自照明弾	敵照明弾	戦闘種別	艦名1	艦名2	艦名3	艦名4	艦名5	艦名6	自艦隊	巡目	攻撃艦	砲撃種別	砲撃回数	表示装備1	表示装備2	表示装備3	クリティカル	ダメージ	かばう	攻撃艦.編成順	攻撃艦.ID	攻撃艦.名前	攻撃艦.種別	攻撃艦.疲労	攻撃艦.戦闘後疲労	攻撃艦.残耐久	攻撃艦.最大耐久	攻撃艦.損傷	攻撃艦.残燃料	攻撃艦.戦闘後残燃料	攻撃艦.最大燃料	攻撃艦.残弾薬	攻撃艦.戦闘後残弾薬	攻撃艦.最大弾薬	攻撃艦.Lv	攻撃艦.速力	攻撃艦.火力	攻撃艦.雷装	攻撃艦.対空	攻撃艦.装甲	攻撃艦.回避	攻撃艦.対潜	攻撃艦.索敵	攻撃艦.運	攻撃艦.射程	攻撃艦.装備1.名前	攻撃艦.装備1.改修	攻撃艦.装備1.熟練度	攻撃艦.装備1.搭載数	攻撃艦.装備1.戦闘後搭載数	攻撃艦.装備2.名前	攻撃艦.装備2.改修	攻撃艦.装備2.熟練度	攻撃艦.装備2.搭載数	攻撃艦.装備2.戦闘後搭載数	攻撃艦.装備3.名前	攻撃艦.装備3.改修	攻撃艦.装備3.熟練度	攻撃艦.装備3.搭載数	攻撃艦.装備3.戦闘後搭載数	攻撃艦.装備4.名前	攻撃艦.装備4.改修	攻撃艦.装備4.熟練度	攻撃艦.装備4.搭載数	攻撃艦.装備4.戦闘後搭載数	攻撃艦.装備5.名前	攻撃艦.装備5.改修	攻撃艦.装備5.熟練度	攻撃艦.装備5.搭載数	攻撃艦.装備5.戦闘後搭載数	攻撃艦.装備6.名前	攻撃艦.装備6.改修	攻撃艦.装備6.熟練度	攻撃艦.装備6.搭載数	攻撃艦.装備6.戦闘後搭載数	防御艦.編成順	防御艦.ID	防御艦.名前	防御艦.種別	防御艦.疲労	防御艦.戦闘後疲労	防御艦.残耐久	防御艦.最大耐久	防御艦.損傷	防御艦.残燃料	防御艦.戦闘後残燃料	防御艦.最大燃料	防御艦.残弾薬	防御艦.戦闘後残弾薬	防御艦.最大弾薬	防御艦.Lv	防御艦.速力	防御艦.火力	防御艦.雷装	防御艦.対空	防御艦.装甲	防御艦.回避	防御艦.対潜	防御艦.索敵	防御艦.運	防御艦.射程	防御艦.装備1.名前	防御艦.装備1.改修	防御艦.装備1.熟練度	防御艦.装備1.搭載数	防御艦.装備1.戦闘後搭載数	防御艦.装備2.名前	防御艦.装備2.改修	防御艦.装備2.熟練度	防御艦.装備2.搭載数	防御艦.装備2.戦闘後搭載数	防御艦.装備3.名前	防御艦.装備3.改修	防御艦.装備3.熟練度	防御艦.装備3.搭載数	防御艦.装備3.戦闘後搭載数	防御艦.装備4.名前	防御艦.装備4.改修	防御艦.装備4.熟練度	防御艦.装備4.搭載数	防御艦.装備4.戦闘後搭載数	防御艦.装備5.名前	防御艦.装備5.改修	防御艦.装備5.熟練度	防御艦.装備5.搭載数	防御艦.装備5.戦闘後搭載数	防御艦.装備6.名前	防御艦.装備6.改修	防御艦.装備6.熟練度	防御艦.装備6.搭載数	防御艦.装備6.戦闘後搭載数	艦隊種類	敵艦隊種類
1	2023-09-02 00:58:39	カレー洋リランカ島沖	マップ:4-5 セル:2	出撃	勝利S	東洋方面潜水艦隊 哨戒線Cライン	120	単横陣	単横陣	発見!	発見!(索敵機なし)	制空権確保	同航戦	天山一二型(友永隊)				砲撃戦	Jean Bart改	千歳航改二	千代田航改二	L.d.S.D.d.Abruzzi改	Ташкент改	満潮改二	通常艦隊	先制対潜	自軍	0	0				0	0	0	5	395	Ташкент改	駆逐艦	49	38	45	45	小破未満	15	14	15	35	35	35	155	高速	72	68	93	57	121	103	73	46	中	10cm連装高角砲+高射装置	10	0	0	0	10cm連装高角砲+高射装置	10	0	0	0	13号対空電探改	10	0	0	0	四式水中聴音機	0	0	0	0											2	1533	潜水ヨ級 elite	潜水艦			34	34	小破未満			0			0	50	低速	0	94	0	27	0	0	0	0	短	高速深海魚雷					21inch魚雷後期型					21inch魚雷後期型																				通常艦隊	通常艦隊
2	2023-09-02 00:58:39	カレー洋リランカ島沖	マップ:4-5 セル:2	出撃	勝利S	東洋方面潜水艦隊 哨戒線Cライン	120	単横陣	単横陣	発見!	発見!(索敵機なし)	制空権確保	同航戦	天山一二型(友永隊)				砲撃戦	Jean Bart改	千歳航改二	千代田航改二	L.d.S.D.d.Abruzzi改	Ташкент改	満潮改二	通常艦隊	1	自軍	0	0	零式水上偵察機11型乙			1	28	0	4	693	L.d.S.D.d.Abruzzi改	軽巡洋艦	49	38	59	59	小破未満	40	37	40	55	55	55	163	高速	95	70	79	74	102	87	78	36	中	零式水上偵察機11型乙	0	7	2	2	WG42 (Wurfgerät 42)	0	0	2	2	20.3cm(3号)連装砲	10	0	2	2	20.3cm(3号)連装砲	10	0	2	2											3	1531	潜水ヨ級	潜水艦			24	24	小破未満			0			0	50	低速	0	62	0	9	0	0	0	0	短	21inch魚雷後期型					21inch魚雷後期型																									通常艦隊	通常艦隊
3	2023-09-02 00:58:39	カレー洋リランカ島沖	マップ:4-5 セル:2	出撃	勝利S	東洋方面潜水艦隊 哨戒線Cライン	120	単横陣	単横陣	発見!	発見!(索敵機なし)	制空権確保	同航戦	天山一二型(友永隊)				砲撃戦	Jean Bart改	千歳航改二	千代田航改二	L.d.S.D.d.Abruzzi改	Ташкент改	満潮改二	通常艦隊	1	自軍	0	0				1	2	0	5	395	Ташкент改	駆逐艦	49	38	9	45	大破	15	14	15	35	35	35	155	高速	72	68	93	57	121	103	73	46	中	10cm連装高角砲+高射装置	10	0	0	0	10cm連装高角砲+高射装置	10	0	0	0	13号対空電探改	10	0	0	0	四式水中聴音機	0	0	0	0											1	1571	潜水ソ級 elite	潜水艦			45	45	小破未満			0			0	50	低速	31	120	1	30	0	0	0	0	短	高速深海魚雷					高速深海魚雷					3inch単装高角砲																				通常艦隊	通常艦隊
4	2023-09-02 00:58:39	カレー洋リランカ島沖	マップ:4-5 セル:2	出撃	勝利S	東洋方面潜水艦隊 哨戒線Cライン	120	単横陣	単横陣	発見!	発見!(索敵機なし)	制空権確保	同航戦	天山一二型(友永隊)				砲撃戦	Jean Bart改	千歳航改二	千代田航改二	L.d.S.D.d.Abruzzi改	Ташкент改	満潮改二	通常艦隊	1	自軍	0	0				1	14	0	6	489	満潮改二	駆逐艦	49	38	37	37	小破未満	15	14	15	20	20	20	166	高速	77	89	85	54	118	83	85	23	短	10cm連装高角砲+高射装置	10	0	0	0	10cm連装高角砲+高射装置	10	0	0	0	特大発動艇+一式砲戦車	0	0	0	0																1	1571	潜水ソ級 elite	潜水艦			43	45	小破未満			0			0	50	低速	31	120	1	30	0	0	0	0	短	高速深海魚雷					高速深海魚雷					3inch単装高角砲																				通常艦隊	通常艦隊
5	2023-09-02 00:58:39	カレー洋リランカ島沖	マップ:4-5 セル:2	出撃	勝利S	東洋方面潜水艦隊 哨戒線Cライン	120	単横陣	単横陣	発見!	発見!(索敵機なし)	制空権確保	同航戦	天山一二型(友永隊)				砲撃戦	Jean Bart改	千歳航改二	千代田航改二	L.d.S.D.d.Abruzzi改	Ташкент改	満潮改二	通常艦隊	1	自軍	0	0	天山一二型(友永隊)			1	7	1	3	297	千代田航改二	軽空母	49	38	65	65	小破未満	45	42	45	40	40	40	153	高速	38	14	93	65	89	11	107	17	短	天山一二型(友永隊)	0	7	24	23	九九式艦爆(江草隊)	0	7	16	16	Fw190T改	0	7	11	11	Fw190T改	0	7	8	8											2	1533	潜水ヨ級 elite	潜水艦			34	34	小破未満			0			0	50	低速	0	94	0	27	0	0	0	0	短	高速深海魚雷					21inch魚雷後期型					21inch魚雷後期型																				通常艦隊	通常艦隊
6	2023-09-02 00:58:39	カレー洋リランカ島沖	マップ:4-5 セル:2	出撃	勝利S	東洋方面潜水艦隊 哨戒線Cライン	120	単横陣	単横陣	発見!	発見!(索敵機なし)	制空権確保	同航戦	天山一二型(友永隊)				砲撃戦	Jean Bart改	千歳航改二	千代田航改二	L.d.S.D.d.Abruzzi改	Ташкент改	満潮改二	通常艦隊	1	自軍	0	0	天山一二型(友永隊)			2	52	0	2	296	千歳航改二	軽空母	49	48	65	65	小破未満	45	42	45	40	40	40	153	高速	38	14	93	65	89	11	107	17	短	天山一二型(友永隊)	0	7	24	24	九九式艦爆(江草隊)	0	7	16	16	Fw190T改	0	7	11	11	Fw190T改	0	7	8	8											4	1530	潜水カ級	潜水艦			19	19	小破未満			0			0	50	低速	0	46	0	7	0	0	0	0	短	21inch魚雷前期型					21inch魚雷前期型																									通常艦隊	通常艦隊
7	2023-09-02 00:58:39	カレー洋リランカ島沖	マップ:4-5 セル:2	出撃	勝利S	東洋方面潜水艦隊 哨戒線Cライン	120	単横陣	単横陣	発見!	発見!(索敵機なし)	制空権確保	同航戦	天山一二型(友永隊)				砲撃戦	Jean Bart改	千歳航改二	千代田航改二	L.d.S.D.d.Abruzzi改	Ташкент改	満潮改二	通常艦隊	2	自軍	0	0	天山一二型(友永隊)			1	26	0	2	296	千歳航改二	軽空母	49	48	65	65	小破未満	45	42	45	40	40	40	153	高速	38	14	93	65	89	11	107	17	短	天山一二型(友永隊)	0	7	24	24	九九式艦爆(江草隊)	0	7	16	16	Fw190T改	0	7	11	11	Fw190T改	0	7	8	8											5	1530	潜水カ級	潜水艦			19	19	小破未満			0			0	50	低速	0	46	0	7	0	0	0	0	短	21inch魚雷前期型					21inch魚雷前期型																									通常艦隊	通常艦隊
8	2023-09-02 00:58:39	カレー洋リランカ島沖	マップ:4-5 セル:2	出撃	勝利S	東洋方面潜水艦隊 哨戒線Cライン	120	単横陣	単横陣	発見!	発見!(索敵機なし)	制空権確保	同航戦	天山一二型(友永隊)				砲撃戦	Jean Bart改	千歳航改二	千代田航改二	L.d.S.D.d.Abruzzi改	Ташкент改	満潮改二	通常艦隊	2	自軍	0	0	天山一二型(友永隊)			2	39	0	3	297	千代田航改二	軽空母	49	38	65	65	小破未満	45	42	45	40	40	40	153	高速	38	14	93	65	89	11	107	17	短	天山一二型(友永隊)	0	7	24	23	九九式艦爆(江草隊)	0	7	16	16	Fw190T改	0	7	11	11	Fw190T改	0	7	8	8											2	1533	潜水ヨ級 elite	潜水艦			27	34	小破未満			0			0	50	低速	0	94	0	27	0	0	0	0	短	高速深海魚雷					21inch魚雷後期型					21inch魚雷後期型																				通常艦隊	通常艦隊
9	2023-09-02 00:58:39	カレー洋リランカ島沖	マップ:4-5 セル:2	出撃	勝利S	東洋方面潜水艦隊 哨戒線Cライン	120	単横陣	単横陣	発見!	発見!(索敵機なし)	制空権確保	同航戦	天山一二型(友永隊)				砲撃戦	Jean Bart改	千歳航改二	千代田航改二	L.d.S.D.d.Abruzzi改	Ташкент改	満潮改二	通常艦隊	2	自軍	0	0	零式水上偵察機11型乙			1	16	0	4	693	L.d.S.D.d.Abruzzi改	軽巡洋艦	49	38	59	59	小破未満	40	37	40	55	55	55	163	高速	95	70	79	74	102	87	78	36	中	零式水上偵察機11型乙	0	7	2	2	WG42 (Wurfgerät 42)	0	0	2	2	20.3cm(3号)連装砲	10	0	2	2	20.3cm(3号)連装砲	10	0	2	2											1	1571	潜水ソ級 elite	潜水艦			29	45	小破			0			0	50	低速	31	120	1	30	0	0	0	0	短	高速深海魚雷					高速深海魚雷					3inch単装高角砲																				通常艦隊	通常艦隊
10	2023-09-02 00:58:39	カレー洋リランカ島沖	マップ:4-5 セル:2	出撃	勝利S	東洋方面潜水艦隊 哨戒線Cライン	120	単横陣	単横陣	発見!	発見!(索敵機なし)	制空権確保	同航戦	天山一二型(友永隊)				砲撃戦	Jean Bart改	千歳航改二	千代田航改二	L.d.S.D.d.Abruzzi改	Ташкент改	満潮改二	通常艦隊	2	自軍	0	0				1	1	0	5	395	Ташкент改	駆逐艦	49	38	9	45	大破	15	14	15	35	35	35	155	高速	72	68	93	57	121	103	73	46	中	10cm連装高角砲+高射装置	10	0	0	0	10cm連装高角砲+高射装置	10	0	0	0	13号対空電探改	10	0	0	0	四式水中聴音機	0	0	0	0											1	1571	潜水ソ級 elite	潜水艦			13	45	中破			0			0	50	低速	31	120	1	30	0	0	0	0	短	高速深海魚雷					高速深海魚雷					3inch単装高角砲																				通常艦隊	通常艦隊
11	2023-09-02 00:58:39	カレー洋リランカ島沖	マップ:4-5 セル:2	出撃	勝利S	東洋方面潜水艦隊 哨戒線Cライン	120	単横陣	単横陣	発見!	発見!(索敵機なし)	制空権確保	同航戦	天山一二型(友永隊)				砲撃戦	Jean Bart改	千歳航改二	千代田航改二	L.d.S.D.d.Abruzzi改	Ташкент改	満潮改二	通常艦隊	2	自軍	0	0				1	13	0	6	489	満潮改二	駆逐艦	49	38	37	37	小破未満	15	14	15	20	20	20	166	高速	77	89	85	54	118	83	85	23	短	10cm連装高角砲+高射装置	10	0	0	0	10cm連装高角砲+高射装置	10	0	0	0	特大発動艇+一式砲戦車	0	0	0	0																1	1571	潜水ソ級 elite	潜水艦			12	45	中破			0			0	50	低速	31	120	1	30	0	0	0	0	短	高速深海魚雷					高速深海魚雷					3inch単装高角砲																				通常艦隊	通常艦隊
12	2023-09-02 01:00:49	カレー洋リランカ島沖	マップ:4-5 セル:2	出撃	勝利S	東洋方面潜水艦隊 哨戒線Cライン	120	単横陣	単横陣	発見!	発見!(索敵機なし)	制空権確保	反航戦	零式水上偵察機11型乙				砲撃戦	Jean Bart改	千歳航改二	千代田航改二	L.d.S.D.d.Abruzzi改	Ташкент改	満潮改二	通常艦隊	先制対潜	自軍	0	0				1	44	0	5	395	Ташкент改	駆逐艦	40	51	45	45	小破未満	15	14	15	35	35	35	155	高速	72	68	93	57	121	103	73	46	中	10cm連装高角砲+高射装置	10	0	0	0	10cm連装高角砲+高射装置	10	0	0	0	13号対空電探改	10	0	0	0	四式水中聴音機	0	0	0	0											4	1530	潜水カ級	潜水艦			19	19	小破未満			0			0	50	低速	0	46	0	7	0	0	0	0	短	21inch魚雷前期型					21inch魚雷前期型																									通常艦隊	通常艦隊
13	2023-09-02 01:00:49	カレー洋リランカ島沖	マップ:4-5 セル:2	出撃	勝利S	東洋方面潜水艦隊 哨戒線Cライン	120	単横陣	単横陣	発見!	発見!(索敵機なし)	制空権確保	反航戦	零式水上偵察機11型乙				砲撃戦	Jean Bart改	千歳航改二	千代田航改二	L.d.S.D.d.Abruzzi改	Ташкент改	満潮改二	通常艦隊	1	自軍	0	0	零式水上偵察機11型乙			1	10	0	4	693	L.d.S.D.d.Abruzzi改	軽巡洋艦	38	39	59	59	小破未満	40	37	40	55	55	55	163	高速	95	70	79	74	102	87	78	36	中	零式水上偵察機11型乙	0	7	2	2	WG42 (Wurfgerät 42)	0	0	2	2	20.3cm(3号)連装砲	10	0	2	2	20.3cm(3号)連装砲	10	0	2	2											1	1571	潜水ソ級 elite	潜水艦			45	45	小破未満			0			0	50	低速	31	120	1	30	0	0	0	0	短	高速深海魚雷					高速深海魚雷					3inch単装高角砲																				通常艦隊	通常艦隊
14	2023-09-02 01:00:49	カレー洋リランカ島沖	マップ:4-5 セル:2	出撃	勝利S	東洋方面潜水艦隊 哨戒線Cライン	120	単横陣	単横陣	発見!	発見!(索敵機なし)	制空権確保	反航戦	零式水上偵察機11型乙				砲撃戦	Jean Bart改	千歳航改二	千代田航改二	L.d.S.D.d.Abruzzi改	Ташкент改	満潮改二	通常艦隊	1	自軍	0	0				1	46	1	5	395	Ташкент改	駆逐艦	40	51	45	45	小破未満	15	14	15	35	35	35	155	高速	72	68	93	57	121	103	73	46	中	10cm連装高角砲+高射装置	10	0	0	0	10cm連装高角砲+高射装置	10	0	0	0	13号対空電探改	10	0	0	0	四式水中聴音機	0	0	0	0											5	1530	潜水カ級	潜水艦			19	19	小破未満			0			0	50	低速	0	46	0	7	0	0	0	0	短	21inch魚雷前期型					21inch魚雷前期型																									通常艦隊	通常艦隊
15	2023-09-02 01:00:49	カレー洋リランカ島沖	マップ:4-5 セル:2	出撃	勝利S	東洋方面潜水艦隊 哨戒線Cライン	120	単横陣	単横陣	発見!	発見!(索敵機なし)	制空権確保	反航戦	零式水上偵察機11型乙				砲撃戦	Jean Bart改	千歳航改二	千代田航改二	L.d.S.D.d.Abruzzi改	Ташкент改	満潮改二	通常艦隊	1	自軍	0	0	天山一二型(友永隊)			1	3	0	3	297	千代田航改二	軽空母	38	39	65	65	小破未満	45	42	45	40	40	40	153	高速	38	14	93	65	89	11	107	17	短	天山一二型(友永隊)	0	7	24	24	九九式艦爆(江草隊)	0	7	16	16	Fw190T改	0	7	11	11	Fw190T改	0	7	8	8											1	1571	潜水ソ級 elite	潜水艦			35	45	小破未満			0			0	50	低速	31	120	1	30	0	0	0	0	短	高速深海魚雷					高速深海魚雷					3inch単装高角砲																				通常艦隊	通常艦隊
16	2023-09-02 01:00:49	カレー洋リランカ島沖	マップ:4-5 セル:2	出撃	勝利S	東洋方面潜水艦隊 哨戒線Cライン	120	単横陣	単横陣	発見!	発見!(索敵機なし)	制空権確保	反航戦	零式水上偵察機11型乙				砲撃戦	Jean Bart改	千歳航改二	千代田航改二	L.d.S.D.d.Abruzzi改	Ташкент改	満潮改二	通常艦隊	1	自軍	0	0				1	7	0	6	489	満潮改二	駆逐艦	38	39	37	37	小破未満	15	14	15	20	20	20	166	高速	77	89	85	54	118	83	85	23	短	10cm連装高角砲+高射装置	10	0	0	0	10cm連装高角砲+高射装置	10	0	0	0	特大発動艇+一式砲戦車	0	0	0	0																2	1533	潜水ヨ級 elite	潜水艦			34	34	小破未満			0			0	50	低速	0	94	0	27	0	0	0	0	短	高速深海魚雷					21inch魚雷後期型					21inch魚雷後期型																				通常艦隊	通常艦隊
17	2023-09-02 01:00:49	カレー洋リランカ島沖	マップ:4-5 セル:2	出撃	勝利S	東洋方面潜水艦隊 哨戒線Cライン	120	単横陣	単横陣	発見!	発見!(索敵機なし)	制空権確保	反航戦	零式水上偵察機11型乙				砲撃戦	Jean Bart改	千歳航改二	千代田航改二	L.d.S.D.d.Abruzzi改	Ташкент改	満潮改二	通常艦隊	1	自軍	0	0	天山一二型(友永隊)			2	24	0	2	296	千歳航改二	軽空母	48	49	65	65	小破未満	45	42	45	40	40	40	153	高速	38	14	93	65	89	11	107	17	短	天山一二型(友永隊)	0	7	24	23	九九式艦爆(江草隊)	0	7	16	16	Fw190T改	0	7	11	11	Fw190T改	0	7	8	8											2	1533	潜水ヨ級 elite	潜水艦			27	34	小破未満			0			0	50	低速	0	94	0	27	0	0	0	0	短	高速深海魚雷					21inch魚雷後期型					21inch魚雷後期型																				通常艦隊	通常艦隊
18	2023-09-02 01:00:49	カレー洋リランカ島沖	マップ:4-5 セル:2	出撃	勝利S	東洋方面潜水艦隊 哨戒線Cライン	120	単横陣	単横陣	発見!	発見!(索敵機なし)	制空権確保	反航戦	零式水上偵察機11型乙				砲撃戦	Jean Bart改	千歳航改二	千代田航改二	L.d.S.D.d.Abruzzi改	Ташкент改	満潮改二	通常艦隊	2	自軍	0	0	天山一二型(友永隊)			1	5	0	2	296	千歳航改二	軽空母	48	49	65	65	小破未満	45	42	45	40	40	40	153	高速	38	14	93	65	89	11	107	17	短	天山一二型(友永隊)	0	7	24	23	九九式艦爆(江草隊)	0	7	16	16	Fw190T改	0	7	11	11	Fw190T改	0	7	8	8											2	1533	潜水ヨ級 elite	潜水艦			3	34	大破			0			0	50	低速	0	94	0	27	0	0	0	0	短	高速深海魚雷					21inch魚雷後期型					21inch魚雷後期型																				通常艦隊	通常艦隊
19	2023-09-02 01:00:49	カレー洋リランカ島沖	マップ:4-5 セル:2	出撃	勝利S	東洋方面潜水艦隊 哨戒線Cライン	120	単横陣	単横陣	発見!	発見!(索敵機なし)	制空権確保	反航戦	零式水上偵察機11型乙				砲撃戦	Jean Bart改	千歳航改二	千代田航改二	L.d.S.D.d.Abruzzi改	Ташкент改	満潮改二	通常艦隊	2	自軍	0	0	天山一二型(友永隊)			1	16	1	3	297	千代田航改二	軽空母	38	39	65	65	小破未満	45	42	45	40	40	40	153	高速	38	14	93	65	89	11	107	17	短	天山一二型(友永隊)	0	7	24	24	九九式艦爆(江草隊)	0	7	16	16	Fw190T改	0	7	11	11	Fw190T改	0	7	8	8											3	1531	潜水ヨ級	潜水艦			24	24	小破未満			0			0	50	低速	0	62	0	9	0	0	0	0	短	21inch魚雷後期型					21inch魚雷後期型																									通常艦隊	通常艦隊
20	2023-09-02 01:00:49	カレー洋リランカ島沖	マップ:4-5 セル:2	出撃	勝利S	東洋方面潜水艦隊 哨戒線Cライン	120	単横陣	単横陣	発見!	発見!(索敵機なし)	制空権確保	反航戦	零式水上偵察機11型乙				砲撃戦	Jean Bart改	千歳航改二	千代田航改二	L.d.S.D.d.Abruzzi改	Ташкент改	満潮改二	通常艦隊	2	自軍	0	0	零式水上偵察機11型乙			2	40	0	4	693	L.d.S.D.d.Abruzzi改	軽巡洋艦	38	39	59	59	小破未満	40	37	40	55	55	55	163	高速	95	70	79	74	102	87	78	36	中	零式水上偵察機11型乙	0	7	2	2	WG42 (Wurfgerät 42)	0	0	2	2	20.3cm(3号)連装砲	10	0	2	2	20.3cm(3号)連装砲	10	0	2	2											3	1531	潜水ヨ級	潜水艦			8	24	中破			0			0	50	低速	0	62	0	9	0	0	0	0	短	21inch魚雷後期型					21inch魚雷後期型																									通常艦隊	通常艦隊
21	2023-09-02 01:00:49	カレー洋リランカ島沖	マップ:4-5 セル:2	出撃	勝利S	東洋方面潜水艦隊 哨戒線Cライン	120	単横陣	単横陣	発見!	発見!(索敵機なし)	制空権確保	反航戦	零式水上偵察機11型乙				砲撃戦	Jean Bart改	千歳航改二	千代田航改二	L.d.S.D.d.Abruzzi改	Ташкент改	満潮改二	通常艦隊	2	自軍	0	0				1	28	0	5	395	Ташкент改	駆逐艦	40	51	45	45	小破未満	15	14	15	35	35	35	155	高速	72	68	93	57	121	103	73	46	中	10cm連装高角砲+高射装置	10	0	0	0	10cm連装高角砲+高射装置	10	0	0	0	13号対空電探改	10	0	0	0	四式水中聴音機	0	0	0	0											1	1571	潜水ソ級 elite	潜水艦			32	45	小破			0			0	50	低速	31	120	1	30	0	0	0	0	短	高速深海魚雷					高速深海魚雷					3inch単装高角砲																				通常艦隊	通常艦隊
22	2023-09-02 01:00:49	カレー洋リランカ島沖	マップ:4-5 セル:2	出撃	勝利S	東洋方面潜水艦隊 哨戒線Cライン	120	単横陣	単横陣	発見!	発見!(索敵機なし)	制空権確保	反航戦	零式水上偵察機11型乙				砲撃戦	Jean Bart改	千歳航改二	千代田航改二	L.d.S.D.d.Abruzzi改	Ташкент改	満潮改二	通常艦隊	2	自軍	0	0				1	6	0	6	489	満潮改二	駆逐艦	38	39	37	37	小破未満	15	14	15	20	20	20	166	高速	77	89	85	54	118	83	85	23	短	10cm連装高角砲+高射装置	10	0	0	0	10cm連装高角砲+高射装置	10	0	0	0	特大発動艇+一式砲戦車	0	0	0	0																1	1571	潜水ソ級 elite	潜水艦			4	45	大破			0			0	50	低速	31	120	1	30	0	0	0	0	短	高速深海魚雷					高速深海魚雷					3inch単装高角砲																				通常艦隊	通常艦隊
23	2023-09-02 01:02:14	カレー洋リランカ島沖	マップ:4-5 セル:5		勝利S	東洋方面艦隊 威力偵察部隊	120	単縦陣	単縦陣	発見!	発見!	制空権確保	同航戦	天山一二型(友永隊)				砲撃戦	Jean Bart改	千歳航改二	千代田航改二	L.d.S.D.d.Abruzzi改	Ташкент改	満潮改二	通常艦隊	1	自軍	0	0	46cm三連装砲改			1	98	0	1	724	Jean Bart改	戦艦	78	82	96	96	小破未満	92	72	100	130	104	130	144	高速	160	0	98	100	90	8	78	27	超長	46cm三連装砲改	10	0	3	3	46cm三連装砲改	10	0	3	3	零式水上偵察機11型乙(熟練)	0	7	3	3	三式弾改二	10	0	3	3											3	1527	重巡リ級 flagship	重巡洋艦			76	76	小破未満			0			0	1	高速	79	58	46	70	0	1	5	0	中	8inch三連装砲					6inch連装速射砲					高速深海魚雷					深海棲艦偵察機															通常艦隊	通常艦隊
24	2023-09-02 01:02:14	カレー洋リランカ島沖	マップ:4-5 セル:5		勝利S	東洋方面艦隊 威力偵察部隊	120	単縦陣	単縦陣	発見!	発見!	制空権確保	同航戦	天山一二型(友永隊)				砲撃戦	Jean Bart改	千歳航改二	千代田航改二	L.d.S.D.d.Abruzzi改	Ташкент改	満潮改二	通常艦隊	1	自軍	2	0	20.3cm(3号)連装砲	20.3cm(3号)連装砲		1	4	0	4	693	L.d.S.D.d.Abruzzi改	軽巡洋艦	39	40	59	59	小破未満	37	29	40	55	44	55	163	高速	95	70	79	74	102	87	78	36	中	零式水上偵察機11型乙	0	7	2	2	WG42 (Wurfgerät 42)	0	0	2	2	20.3cm(3号)連装砲	10	0	2	2	20.3cm(3号)連装砲	10	0	2	2											6	1576	駆逐ロ級後期型	駆逐艦			37	37	小破未満			0			0	1	高速	40	66	32	26	0	23	0	0	短	5inch連装砲					深海ソナー Mk.II					深海爆雷投射機																				通常艦隊	通常艦隊
25	2023-09-02 01:02:14	カレー洋リランカ島沖	マップ:4-5 セル:5		勝利S	東洋方面艦隊 威力偵察部隊	120	単縦陣	単縦陣	発見!	発見!	制空権確保	同航戦	天山一二型(友永隊)				砲撃戦	Jean Bart改	千歳航改二	千代田航改二	L.d.S.D.d.Abruzzi改	Ташкент改	満潮改二	通常艦隊	1	自軍	2	1	20.3cm(3号)連装砲	20.3cm(3号)連装砲		1	105	0	4	693	L.d.S.D.d.Abruzzi改	軽巡洋艦	39	40	59	59	小破未満	37	29	40	55	44	55	163	高速	95	70	79	74	102	87	78	36	中	零式水上偵察機11型乙	0	7	2	2	WG42 (Wurfgerät 42)	0	0	2	2	20.3cm(3号)連装砲	10	0	2	2	20.3cm(3号)連装砲	10	0	2	2											6	1576	駆逐ロ級後期型	駆逐艦			33	37	小破未満			0			0	1	高速	40	66	32	26	0	23	0	0	短	5inch連装砲					深海ソナー Mk.II					深海爆雷投射機																				通常艦隊	通常艦隊
26	2023-09-02 01:02:14	カレー洋リランカ島沖	マップ:4-5 セル:5		勝利S	東洋方面艦隊 威力偵察部隊	120	単縦陣	単縦陣	発見!	発見!	制空権確保	同航戦	天山一二型(友永隊)				砲撃戦	重巡リ級改	重巡リ級	重巡リ級	軽巡ツ級	駆逐ロ級後期型	駆逐ロ級後期型	通常艦隊	1	敵軍	0	0	5inch連装両用莢砲			1	11	0	4	1592	軽巡ツ級 elite	軽巡洋艦			66	66	小破未満			0			0	1	高速	68	92	115	68	0	17	5	0	中	5inch連装両用莢砲					5inch連装両用莢砲					深海ソナー Mk.II					深海棲艦偵察機															6	489	満潮改二	駆逐艦	39	40	37	37	小破未満	14	11	15	20	16	20	166	高速	77	89	85	54	118	83	85	23	短	10cm連装高角砲+高射装置	10	0	0	0	10cm連装高角砲+高射装置	10	0	0	0	特大発動艇+一式砲戦車	0	0	0	0																通常艦隊	通常艦隊
27	2023-09-02 01:02:14	カレー洋リランカ島沖	マップ:4-5 セル:5		勝利S	東洋方面艦隊 威力偵察部隊	120	単縦陣	単縦陣	発見!	発見!	制空権確保	同航戦	天山一二型(友永隊)				砲撃戦	Jean Bart改	千歳航改二	千代田航改二	L.d.S.D.d.Abruzzi改	Ташкент改	満潮改二	通常艦隊	1	自軍	0	0	10cm連装高角砲+高射装置			1	10	0	5	395	Ташкент改	駆逐艦	51	52	45	45	小破未満	14	11	15	35	28	35	155	高速	72	68	93	57	121	103	73	46	中	10cm連装高角砲+高射装置	10	0	0	0	10cm連装高角砲+高射装置	10	0	0	0	13号対空電探改	10	0	0	0	四式水中聴音機	0	0	0	0											1	1566	重巡リ級改 flagship	重巡洋艦			88	88	小破未満			0			0	1	高速	104	90	64	80	0	2	10	0	中	8inch三連装砲					8inch三連装砲					高速深海魚雷					飛び魚偵察機															通常艦隊	通常艦隊
28	2023-09-02 01:02:14	カレー洋リランカ島沖	マップ:4-5 セル:5		勝利S	東洋方面艦隊 威力偵察部隊	120	単縦陣	単縦陣	発見!	発見!	制空権確保	同航戦	天山一二型(友永隊)				砲撃戦	重巡リ級改	重巡リ級	重巡リ級	軽巡ツ級	駆逐ロ級後期型	駆逐ロ級後期型	通常艦隊	1	敵軍	0	0	8inch三連装砲			0	0	0	1	1566	重巡リ級改 flagship	重巡洋艦			78	88	小破未満			0			0	1	高速	104	90	64	80	0	2	10	0	中	8inch三連装砲					8inch三連装砲					高速深海魚雷					飛び魚偵察機															4	693	L.d.S.D.d.Abruzzi改	軽巡洋艦	39	40	59	59	小破未満	37	29	40	55	44	55	163	高速	95	70	79	74	102	87	78	36	中	零式水上偵察機11型乙	0	7	2	2	WG42 (Wurfgerät 42)	0	0	2	2	20.3cm(3号)連装砲	10	0	2	2	20.3cm(3号)連装砲	10	0	2	2											通常艦隊	通常艦隊
29	2023-09-02 01:02:14	カレー洋リランカ島沖	マップ:4-5 セル:5		勝利S	東洋方面艦隊 威力偵察部隊	120	単縦陣	単縦陣	発見!	発見!	制空権確保	同航戦	天山一二型(友永隊)				砲撃戦	Jean Bart改	千歳航改二	千代田航改二	L.d.S.D.d.Abruzzi改	Ташкент改	満潮改二	通常艦隊	1	自軍	7	0	Fw190T改	九九式艦爆(江草隊)	天山一二型(友永隊)	1	124	1	2	296	千歳航改二	軽空母	49	50	65	65	小破未満	42	33	45	40	32	40	153	高速	38	14	93	65	89	11	107	17	短	天山一二型(友永隊)	0	7	23	22	九九式艦爆(江草隊)	0	7	16	14	Fw190T改	0	7	11	11	Fw190T改	0	7	8	8											4	1592	軽巡ツ級 elite	軽巡洋艦			66	66	小破未満			0			0	1	高速	68	92	115	68	0	17	5	0	中	5inch連装両用莢砲					5inch連装両用莢砲					深海ソナー Mk.II					深海棲艦偵察機															通常艦隊	通常艦隊
30	2023-09-02 01:02:14	カレー洋リランカ島沖	マップ:4-5 セル:5		勝利S	東洋方面艦隊 威力偵察部隊	120	単縦陣	単縦陣	発見!	発見!	制空権確保	同航戦	天山一二型(友永隊)				砲撃戦	重巡リ級改	重巡リ級	重巡リ級	軽巡ツ級	駆逐ロ級後期型	駆逐ロ級後期型	通常艦隊	1	敵軍	0	0	5inch連装砲			1	12	0	5	1576	駆逐ロ級後期型	駆逐艦			37	37	小破未満			0			0	1	高速	40	66	32	26	0	23	0	0	短	5inch連装砲					深海ソナー Mk.II					深海爆雷投射機																				1	724	Jean Bart改	戦艦	78	82	96	96	小破未満	92	72	100	130	104	130	144	高速	160	0	98	100	90	8	78	27	超長	46cm三連装砲改	10	0	3	3	46cm三連装砲改	10	0	3	3	零式水上偵察機11型乙(熟練)	0	7	3	3	三式弾改二	10	0	3	3											通常艦隊	通常艦隊
31	2023-09-02 01:02:14	カレー洋リランカ島沖	マップ:4-5 セル:5		勝利S	東洋方面艦隊 威力偵察部隊	120	単縦陣	単縦陣	発見!	発見!	制空権確保	同航戦	天山一二型(友永隊)				砲撃戦	Jean Bart改	千歳航改二	千代田航改二	L.d.S.D.d.Abruzzi改	Ташкент改	満潮改二	通常艦隊	1	自軍	0	0	10cm連装高角砲+高射装置			1	21	0	6	489	満潮改二	駆逐艦	39	40	26	37	小破	14	11	15	20	16	20	166	高速	77	89	85	54	118	83	85	23	短	10cm連装高角砲+高射装置	10	0	0	0	10cm連装高角砲+高射装置	10	0	0	0	特大発動艇+一式砲戦車	0	0	0	0																1	1566	重巡リ級改 flagship	重巡洋艦			78	88	小破未満			0			0	1	高速	104	90	64	80	0	2	10	0	中	8inch三連装砲					8inch三連装砲					高速深海魚雷					飛び魚偵察機															通常艦隊	通常艦隊
32	2023-09-02 01:02:14	カレー洋リランカ島沖	マップ:4-5 セル:5		勝利S	東洋方面艦隊 威力偵察部隊	120	単縦陣	単縦陣	発見!	発見!	制空権確保	同航戦	天山一二型(友永隊)				砲撃戦	Jean Bart改	千歳航改二	千代田航改二	L.d.S.D.d.Abruzzi改	Ташкент改	満潮改二	通常艦隊	1	自軍	7	0	Fw190T改	九九式艦爆(江草隊)	天山一二型(友永隊)	2	283	0	3	297	千代田航改二	軽空母	39	50	65	65	小破未満	42	33	45	40	32	40	153	高速	38	14	93	65	89	11	107	17	短	天山一二型(友永隊)	0	7	24	24	九九式艦爆(江草隊)	0	7	16	16	Fw190T改	0	7	11	11	Fw190T改	0	7	8	8											1	1566	重巡リ級改 flagship	重巡洋艦			57	88	小破			0			0	1	高速	104	90	64	80	0	2	10	0	中	8inch三連装砲					8inch三連装砲					高速深海魚雷					飛び魚偵察機															通常艦隊	通常艦隊
33	2023-09-02 01:02:14	カレー洋リランカ島沖	マップ:4-5 セル:5		勝利S	東洋方面艦隊 威力偵察部隊	120	単縦陣	単縦陣	発見!	発見!	制空権確保	同航戦	天山一二型(友永隊)				砲撃戦	Jean Bart改	千歳航改二	千代田航改二	L.d.S.D.d.Abruzzi改	Ташкент改	満潮改二	通常艦隊	2	自軍	0	0	46cm三連装砲改			1	145	0	1	724	Jean Bart改	戦艦	78	82	84	96	小破未満	92	72	100	130	104	130	144	高速	160	0	98	100	90	8	78	27	超長	46cm三連装砲改	10	0	3	3	46cm三連装砲改	10	0	3	3	零式水上偵察機11型乙(熟練)	0	7	3	3	三式弾改二	10	0	3	3											5	1576	駆逐ロ級後期型	駆逐艦			37	37	小破未満			0			0	1	高速	40	66	32	26	0	23	0	0	短	5inch連装砲					深海ソナー Mk.II					深海爆雷投射機																				通常艦隊	通常艦隊
34	2023-09-02 01:03:57	カレー洋リランカ島沖	マップ:4-5 セル:14		勝利S	東洋方面艦隊 後方兵站部隊	120	単縦陣	輪形陣	発見!	発見!	制空権確保	同航戦	天山一二型(友永隊)				砲撃戦	Jean Bart改	千歳航改二	千代田航改二	L.d.S.D.d.Abruzzi改	Ташкент改	満潮改二	通常艦隊	1	自軍	2	0	46cm三連装砲改	46cm三連装砲改		2	290	0	1	724	Jean Bart改	戦艦	82	96	84	96	小破未満	72	52	100	104	78	130	144	高速	160	0	98	100	90	8	78	27	超長	46cm三連装砲改	10	0	3	3	46cm三連装砲改	10	0	3	3	零式水上偵察機11型乙(熟練)	0	7	3	3	三式弾改二	10	0	3	3											6	1576	駆逐ロ級後期型	駆逐艦			37	37	小破未満			0			0	1	高速	40	66	32	26	0	23	0	0	短	5inch連装砲					深海ソナー Mk.II					深海爆雷投射機																				通常艦隊	通常艦隊
35	2023-09-02 01:03:57	カレー洋リランカ島沖	マップ:4-5 セル:14		勝利S	東洋方面艦隊 後方兵站部隊	120	単縦陣	輪形陣	発見!	発見!	制空権確保	同航戦	天山一二型(友永隊)				砲撃戦	Jean Bart改	千歳航改二	千代田航改二	L.d.S.D.d.Abruzzi改	Ташкент改	満潮改二	通常艦隊	1	自軍	2	1	46cm三連装砲改	46cm三連装砲改		1	191	0	1	724	Jean Bart改	戦艦	82	96	84	96	小破未満	72	52	100	104	78	130	144	高速	160	0	98	100	90	8	78	27	超長	46cm三連装砲改	10	0	3	3	46cm三連装砲改	10	0	3	3	零式水上偵察機11型乙(熟練)	0	7	3	3	三式弾改二	10	0	3	3											6	1576	駆逐ロ級後期型	駆逐艦			0	37	轟沈			0			0	1	高速	40	66	32	26	0	23	0	0	短	5inch連装砲					深海ソナー Mk.II					深海爆雷投射機																				通常艦隊	通常艦隊
36	2023-09-02 01:03:57	カレー洋リランカ島沖	マップ:4-5 セル:14		勝利S	東洋方面艦隊 後方兵站部隊	120	単縦陣	輪形陣	発見!	発見!	制空権確保	同航戦	天山一二型(友永隊)				砲撃戦	輸送ワ級	輸送ワ級	輸送ワ級	軽巡ホ級	駆逐ロ級後期型	駆逐ロ級後期型	通常艦隊	1	敵軍	0	0	5inch単装砲			0	0	0	1	1526	輸送ワ級 elite	補給艦			80	80	小破未満			0			0	1	低速	18	0	2	35	0	0	0	0	短	5inch単装砲					3inch単装高角砲					3inch単装高角砲																				6	489	満潮改二	駆逐艦	40	41	26	37	小破	11	8	15	16	12	20	166	高速	77	89	85	54	118	83	85	23	短	10cm連装高角砲+高射装置	10	0	0	0	10cm連装高角砲+高射装置	10	0	0	0	特大発動艇+一式砲戦車	0	0	0	0																通常艦隊	通常艦隊
37	2023-09-02 01:03:57	カレー洋リランカ島沖	マップ:4-5 セル:14		勝利S	東洋方面艦隊 後方兵站部隊	120	単縦陣	輪形陣	発見!	発見!	制空権確保	同航戦	天山一二型(友永隊)				砲撃戦	Jean Bart改	千歳航改二	千代田航改二	L.d.S.D.d.Abruzzi改	Ташкент改	満潮改二	通常艦隊	1	自軍	2	0	20.3cm(3号)連装砲	20.3cm(3号)連装砲		1	107	1	4	693	L.d.S.D.d.Abruzzi改	軽巡洋艦	40	41	59	59	小破未満	29	21	40	44	33	55	163	高速	95	70	79	74	102	87	78	36	中	零式水上偵察機11型乙	0	7	2	2	WG42 (Wurfgerät 42)	0	0	2	2	20.3cm(3号)連装砲	10	0	2	2	20.3cm(3号)連装砲	10	0	2	2											5	1576	駆逐ロ級後期型	駆逐艦			37	37	小破未満			0			0	1	高速	40	66	32	26	0	23	0	0	短	5inch連装砲					深海ソナー Mk.II					深海爆雷投射機																				通常艦隊	通常艦隊
38	2023-09-02 01:03:57	カレー洋リランカ島沖	マップ:4-5 セル:14		勝利S	東洋方面艦隊 後方兵站部隊	120	単縦陣	輪形陣	発見!	発見!	制空権確保	同航戦	天山一二型(友永隊)				砲撃戦	Jean Bart改	千歳航改二	千代田航改二	L.d.S.D.d.Abruzzi改	Ташкент改	満潮改二	通常艦隊	1	自軍	2	1	20.3cm(3号)連装砲	20.3cm(3号)連装砲		1	0	1	4	693	L.d.S.D.d.Abruzzi改	軽巡洋艦	40	41	59	59	小破未満	29	21	40	44	33	55	163	高速	95	70	79	74	102	87	78	36	中	零式水上偵察機11型乙	0	7	2	2	WG42 (Wurfgerät 42)	0	0	2	2	20.3cm(3号)連装砲	10	0	2	2	20.3cm(3号)連装砲	10	0	2	2											5	1576	駆逐ロ級後期型	駆逐艦			0	37	轟沈			0			0	1	高速	40	66	32	26	0	23	0	0	短	5inch連装砲					深海ソナー Mk.II					深海爆雷投射機																				通常艦隊	通常艦隊
39	2023-09-02 01:03:57	カレー洋リランカ島沖	マップ:4-5 セル:14		勝利S	東洋方面艦隊 後方兵站部隊	120	単縦陣	輪形陣	発見!	発見!	制空権確保	同航戦	天山一二型(友永隊)				砲撃戦	Jean Bart改	千歳航改二	千代田航改二	L.d.S.D.d.Abruzzi改	Ташкент改	満潮改二	通常艦隊	1	自軍	0	0	10cm連装高角砲+高射装置			2	92	0	5	395	Ташкент改	駆逐艦	52	53	45	45	小破未満	11	8	15	28	21	35	155	高速	72	68	93	57	121	103	73	46	中	10cm連装高角砲+高射装置	10	0	0	0	10cm連装高角砲+高射装置	10	0	0	0	13号対空電探改	10	0	0	0	四式水中聴音機	0	0	0	0											1	1526	輸送ワ級 elite	補給艦			80	80	小破未満			0			0	1	低速	18	0	2	35	0	0	0	0	短	5inch単装砲					3inch単装高角砲					3inch単装高角砲																				通常艦隊	通常艦隊
40	2023-09-02 01:05:09	カレー洋リランカ島沖	マップ:4-5 セル:31	ボス	勝利S	リランカ島港湾守備隊	120	単縦陣	単縦陣	発見!	発見!	航空優勢	同航戦	天山一二型(友永隊)	深海棲艦攻 Mark.II			砲撃戦	Jean Bart改	千歳航改二	千代田航改二	L.d.S.D.d.Abruzzi改	Ташкент改	満潮改二	通常艦隊	1	自軍	2	0	46cm三連装砲改	46cm三連装砲改		1	169	0	1	724	Jean Bart改	戦艦	96	85	64	96	小破	52	32	100	78	52	130	144	高速	160	0	98	100	90	8	78	27	超長	46cm三連装砲改	10	0	3	3	46cm三連装砲改	10	0	3	3	零式水上偵察機11型乙(熟練)	0	7	3	3	三式弾改二	10	0	3	3											1	1573	港湾棲姫	航空戦艦			304	380	小破未満			0			0	1	陸上	100	12	159	135	0	10	10	0	超短	深海棲艦戦 Mark.III					深海棲艦爆 Mark.II					深海棲艦攻 Mark.II					深海棲艦攻 Mark.II															通常艦隊	通常艦隊
41	2023-09-02 01:05:09	カレー洋リランカ島沖	マップ:4-5 セル:31	ボス	勝利S	リランカ島港湾守備隊	120	単縦陣	単縦陣	発見!	発見!	航空優勢	同航戦	天山一二型(友永隊)	深海棲艦攻 Mark.II			砲撃戦	Jean Bart改	千歳航改二	千代田航改二	L.d.S.D.d.Abruzzi改	Ташкент改	満潮改二	通常艦隊	1	自軍	2	1	46cm三連装砲改	46cm三連装砲改		1	133	0	1	724	Jean Bart改	戦艦	96	85	64	96	小破	52	32	100	78	52	130	144	高速	160	0	98	100	90	8	78	27	超長	46cm三連装砲改	10	0	3	3	46cm三連装砲改	10	0	3	3	零式水上偵察機11型乙(熟練)	0	7	3	3	三式弾改二	10	0	3	3											1	1573	港湾棲姫	航空戦艦			135	380	中破			0			0	1	陸上	100	12	159	135	0	10	10	0	超短	深海棲艦戦 Mark.III					深海棲艦爆 Mark.II					深海棲艦攻 Mark.II					深海棲艦攻 Mark.II															通常艦隊	通常艦隊
42	2023-09-02 01:05:09	カレー洋リランカ島沖	マップ:4-5 セル:31	ボス	勝利S	リランカ島港湾守備隊	120	単縦陣	単縦陣	発見!	発見!	航空優勢	同航戦	天山一二型(友永隊)	深海棲艦攻 Mark.II			砲撃戦	港湾棲姫	護衛要塞	護衛要塞	戦艦ル級改	駆逐ハ級後期型	駆逐ハ級後期型	通常艦隊	1	敵軍	0	0	16inch三連装砲			1	34	1	4	1567	戦艦ル級改 flagship	戦艦			121	130	小破未満			0			0	1	低速	150	0	100	110	0	2	20	0	長	16inch三連装砲					16inch三連装砲					水上レーダ― Mark.II					飛び魚偵察機															4	693	L.d.S.D.d.Abruzzi改	軽巡洋艦	41	33	59	59	小破未満	21	13	40	33	22	55	163	高速	95	70	79	74	102	87	78	36	中	零式水上偵察機11型乙	0	7	2	2	WG42 (Wurfgerät 42)	0	0	2	2	20.3cm(3号)連装砲	10	0	2	2	20.3cm(3号)連装砲	10	0	2	2											通常艦隊	通常艦隊
43	2023-09-02 01:05:09	カレー洋リランカ島沖	マップ:4-5 セル:31	ボス	勝利S	リランカ島港湾守備隊	120	単縦陣	単縦陣	発見!	発見!	航空優勢	同航戦	天山一二型(友永隊)	深海棲艦攻 Mark.II			砲撃戦	Jean Bart改	千歳航改二	千代田航改二	L.d.S.D.d.Abruzzi改	Ташкент改	満潮改二	通常艦隊	1	自軍	0	0	10cm連装高角砲+高射装置			1	47	0	5	395	Ташкент改	駆逐艦	53	45	42	45	小破未満	8	5	15	21	14	35	155	高速	72	68	93	57	121	103	73	46	中	10cm連装高角砲+高射装置	10	0	0	0	10cm連装高角砲+高射装置	10	0	0	0	13号対空電探改	10	0	0	0	四式水中聴音機	0	0	0	0											5	1577	駆逐ハ級後期型	駆逐艦			38	38	小破未満			0			0	1	高速	46	82	36	29	0	7	0	0	短	5inch連装砲					高速深海魚雷					深海爆雷投射機																				通常艦隊	通常艦隊
44	2023-09-02 01:05:09	カレー洋リランカ島沖	マップ:4-5 セル:31	ボス	勝利S	リランカ島港湾守備隊	120	単縦陣	単縦陣	発見!	発見!	航空優勢	同航戦	天山一二型(友永隊)	深海棲艦攻 Mark.II			砲撃戦	港湾棲姫	護衛要塞	護衛要塞	戦艦ル級改	駆逐ハ級後期型	駆逐ハ級後期型	通常艦隊	1	敵軍	0	0	8inch三連装砲			1	5	0	2	1550	護衛要塞	航空戦艦			66	66	小破未満			0			0	1	高速	63	51	27	50	0	4	5	0	中	8inch三連装砲					深海棲艦戦 Mark.II					深海棲艦攻 Mark.II																				3	297	千代田航改二	軽空母	51	43	60	65	小破未満	24	15	45	24	16	40	153	高速	38	14	93	65	89	11	107	17	短	天山一二型(友永隊)	0	7	23	17	九九式艦爆(江草隊)	0	7	16	15	Fw190T改	0	7	11	10	Fw190T改	0	7	8	8											通常艦隊	通常艦隊
45	2023-09-02 01:05:09	カレー洋リランカ島沖	マップ:4-5 セル:31	ボス	勝利S	リランカ島港湾守備隊	120	単縦陣	単縦陣	発見!	発見!	航空優勢	同航戦	天山一二型(友永隊)	深海棲艦攻 Mark.II			砲撃戦	Jean Bart改	千歳航改二	千代田航改二	L.d.S.D.d.Abruzzi改	Ташкент改	満潮改二	通常艦隊	1	自軍	2	0	20.3cm(3号)連装砲	20.3cm(3号)連装砲		1	60	0	4	693	L.d.S.D.d.Abruzzi改	軽巡洋艦	41	33	25	59	中破	21	13	40	33	22	55	163	高速	95	70	79	74	102	87	78	36	中	零式水上偵察機11型乙	0	7	2	2	WG42 (Wurfgerät 42)	0	0	2	2	20.3cm(3号)連装砲	10	0	2	2	20.3cm(3号)連装砲	10	0	2	2											6	1577	駆逐ハ級後期型	駆逐艦			38	38	小破未満			0			0	1	高速	46	82	36	29	0	7	0	0	短	5inch連装砲					高速深海魚雷					深海爆雷投射機																				通常艦隊	通常艦隊
46	2023-09-02 01:05:09	カレー洋リランカ島沖	マップ:4-5 セル:31	ボス	勝利S	リランカ島港湾守備隊	120	単縦陣	単縦陣	発見!	発見!	航空優勢	同航戦	天山一二型(友永隊)	深海棲艦攻 Mark.II			砲撃戦	Jean Bart改	千歳航改二	千代田航改二	L.d.S.D.d.Abruzzi改	Ташкент改	満潮改二	通常艦隊	1	自軍	2	1	20.3cm(3号)連装砲	20.3cm(3号)連装砲		1	62	0	4	693	L.d.S.D.d.Abruzzi改	軽巡洋艦	41	33	25	59	中破	21	13	40	33	22	55	163	高速	95	70	79	74	102	87	78	36	中	零式水上偵察機11型乙	0	7	2	2	WG42 (Wurfgerät 42)	0	0	2	2	20.3cm(3号)連装砲	10	0	2	2	20.3cm(3号)連装砲	10	0	2	2											6	1577	駆逐ハ級後期型	駆逐艦			0	38	轟沈			0			0	1	高速	46	82	36	29	0	7	0	0	短	5inch連装砲					高速深海魚雷					深海爆雷投射機																				通常艦隊	通常艦隊
47	2023-09-02 01:05:09	カレー洋リランカ島沖	マップ:4-5 セル:31	ボス	勝利S	リランカ島港湾守備隊	120	単縦陣	単縦陣	発見!	発見!	航空優勢	同航戦	天山一二型(友永隊)	深海棲艦攻 Mark.II			砲撃戦	港湾棲姫	護衛要塞	護衛要塞	戦艦ル級改	駆逐ハ級後期型	駆逐ハ級後期型	通常艦隊	1	敵軍	0	0	8inch三連装砲			0	0	0	3	1551	護衛要塞	航空戦艦			41	66	小破			0			0	1	高速	63	51	27	50	0	4	5	0	中	8inch三連装砲					深海棲艦戦 Mark.II					深海棲艦攻 Mark.II																				6	489	満潮改二	駆逐艦	41	33	26	37	小破	8	5	15	12	8	20	166	高速	77	89	85	54	118	83	85	23	短	10cm連装高角砲+高射装置	10	0	0	0	10cm連装高角砲+高射装置	10	0	0	0	特大発動艇+一式砲戦車	0	0	0	0																通常艦隊	通常艦隊
48	2023-09-02 01:05:09	カレー洋リランカ島沖	マップ:4-5 セル:31	ボス	勝利S	リランカ島港湾守備隊	120	単縦陣	単縦陣	発見!	発見!	航空優勢	同航戦	天山一二型(友永隊)	深海棲艦攻 Mark.II			砲撃戦	Jean Bart改	千歳航改二	千代田航改二	L.d.S.D.d.Abruzzi改	Ташкент改	満潮改二	通常艦隊	1	自軍	0	0				1	12	0	3	297	千代田航改二	軽空母	51	43	55	65	小破未満	24	15	45	24	16	40	153	高速	38	14	93	65	89	11	107	17	短	天山一二型(友永隊)	0	7	23	17	九九式艦爆(江草隊)	0	7	16	15	Fw190T改	0	7	11	10	Fw190T改	0	7	8	8											4	1567	戦艦ル級改 flagship	戦艦			121	130	小破未満			0			0	1	低速	150	0	100	110	0	2	20	0	長	16inch三連装砲					16inch三連装砲					水上レーダ― Mark.II					飛び魚偵察機															通常艦隊	通常艦隊
49	2023-09-02 01:05:09	カレー洋リランカ島沖	マップ:4-5 セル:31	ボス	勝利S	リランカ島港湾守備隊	120	単縦陣	単縦陣	発見!	発見!	航空優勢	同航戦	天山一二型(友永隊)	深海棲艦攻 Mark.II			砲撃戦	Jean Bart改	千歳航改二	千代田航改二	L.d.S.D.d.Abruzzi改	Ташкент改	満潮改二	通常艦隊	1	自軍	0	0	10cm連装高角砲+高射装置			1	14	0	6	489	満潮改二	駆逐艦	41	33	26	37	小破	8	5	15	12	8	20	166	高速	77	89	85	54	118	83	85	23	短	10cm連装高角砲+高射装置	10	0	0	0	10cm連装高角砲+高射装置	10	0	0	0	特大発動艇+一式砲戦車	0	0	0	0																4	1567	戦艦ル級改 flagship	戦艦			109	130	小破未満			0			0	1	低速	150	0	100	110	0	2	20	0	長	16inch三連装砲					16inch三連装砲					水上レーダ― Mark.II					飛び魚偵察機															通常艦隊	通常艦隊
50	2023-09-02 01:05:09	カレー洋リランカ島沖	マップ:4-5 セル:31	ボス	勝利S	リランカ島港湾守備隊	120	単縦陣	単縦陣	発見!	発見!	航空優勢	同航戦	天山一二型(友永隊)	深海棲艦攻 Mark.II			砲撃戦	Jean Bart改	千歳航改二	千代田航改二	L.d.S.D.d.Abruzzi改	Ташкент改	満潮改二	通常艦隊	1	自軍	7	0	Fw190T改	九九式艦爆(江草隊)	天山一二型(友永隊)	1	149	0	2	296	千歳航改二	軽空母	51	43	65	65	小破未満	24	15	45	24	16	40	153	高速	38	14	93	65	89	11	107	17	短	天山一二型(友永隊)	0	7	22	20	九九式艦爆(江草隊)	0	7	14	12	Fw190T改	0	7	11	10	Fw190T改	0	7	8	8											3	1551	護衛要塞	航空戦艦			41	66	小破			0			0	1	高速	63	51	27	50	0	4	5	0	中	8inch三連装砲					深海棲艦戦 Mark.II					深海棲艦攻 Mark.II																				通常艦隊	通常艦隊
51	2023-09-02 01:05:09	カレー洋リランカ島沖	マップ:4-5 セル:31	ボス	勝利S	リランカ島港湾守備隊	120	単縦陣	単縦陣	発見!	発見!	航空優勢	同航戦	天山一二型(友永隊)	深海棲艦攻 Mark.II			砲撃戦	Jean Bart改	千歳航改二	千代田航改二	L.d.S.D.d.Abruzzi改	Ташкент改	満潮改二	通常艦隊	2	自軍	2	0	46cm三連装砲改	46cm三連装砲改		1	153	0	1	724	Jean Bart改	戦艦	96	85	64	96	小破	52	32	100	78	52	130	144	高速	160	0	98	100	90	8	78	27	超長	46cm三連装砲改	10	0	3	3	46cm三連装砲改	10	0	3	3	零式水上偵察機11型乙(熟練)	0	7	3	3	三式弾改二	10	0	3	3											2	1550	護衛要塞	航空戦艦			66	66	小破未満			0			0	1	高速	63	51	27	50	0	4	5	0	中	8inch三連装砲					深海棲艦戦 Mark.II					深海棲艦攻 Mark.II																				通常艦隊	通常艦隊
52	2023-09-02 01:05:09	カレー洋リランカ島沖	マップ:4-5 セル:31	ボス	勝利S	リランカ島港湾守備隊	120	単縦陣	単縦陣	発見!	発見!	航空優勢	同航戦	天山一二型(友永隊)	深海棲艦攻 Mark.II			砲撃戦	Jean Bart改	千歳航改二	千代田航改二	L.d.S.D.d.Abruzzi改	Ташкент改	満潮改二	通常艦隊	2	自軍	2	1	46cm三連装砲改	46cm三連装砲改		2	271	0	1	724	Jean Bart改	戦艦	96	85	64	96	小破	52	32	100	78	52	130	144	高速	160	0	98	100	90	8	78	27	超長	46cm三連装砲改	10	0	3	3	46cm三連装砲改	10	0	3	3	零式水上偵察機11型乙(熟練)	0	7	3	3	三式弾改二	10	0	3	3											2	1550	護衛要塞	航空戦艦			0	66	轟沈			0			0	1	高速	63	51	27	50	0	4	5	0	中	8inch三連装砲					深海棲艦戦 Mark.II					深海棲艦攻 Mark.II																				通常艦隊	通常艦隊
53	2023-09-02 01:05:09	カレー洋リランカ島沖	マップ:4-5 セル:31	ボス	勝利S	リランカ島港湾守備隊	120	単縦陣	単縦陣	発見!	発見!	航空優勢	同航戦	天山一二型(友永隊)	深海棲艦攻 Mark.II			砲撃戦	Jean Bart改	千歳航改二	千代田航改二	L.d.S.D.d.Abruzzi改	Ташкент改	満潮改二	通常艦隊	2	自軍	7	0	Fw190T改	九九式艦爆(江草隊)	天山一二型(友永隊)	2	243	0	2	296	千歳航改二	軽空母	51	43	65	65	小破未満	24	15	45	24	16	40	153	高速	38	14	93	65	89	11	107	17	短	天山一二型(友永隊)	0	7	22	20	九九式艦爆(江草隊)	0	7	14	12	Fw190T改	0	7	11	10	Fw190T改	0	7	8	8											4	1567	戦艦ル級改 flagship	戦艦			95	130	小破			0			0	1	低速	150	0	100	110	0	2	20	0	長	16inch三連装砲					16inch三連装砲					水上レーダ― Mark.II					飛び魚偵察機															通常艦隊	通常艦隊
54	2023-09-02 01:05:09	カレー洋リランカ島沖	マップ:4-5 セル:31	ボス	勝利S	リランカ島港湾守備隊	120	単縦陣	単縦陣	発見!	発見!	航空優勢	同航戦	天山一二型(友永隊)	深海棲艦攻 Mark.II			砲撃戦	Jean Bart改	千歳航改二	千代田航改二	L.d.S.D.d.Abruzzi改	Ташкент改	満潮改二	通常艦隊	2	自軍	0	0	20.3cm(3号)連装砲			1	22	0	4	693	L.d.S.D.d.Abruzzi改	軽巡洋艦	41	33	25	59	中破	21	13	40	33	22	55	163	高速	95	70	79	74	102	87	78	36	中	零式水上偵察機11型乙	0	7	2	2	WG42 (Wurfgerät 42)	0	0	2	2	20.3cm(3号)連装砲	10	0	2	2	20.3cm(3号)連装砲	10	0	2	2											1	1573	港湾棲姫	航空戦艦			2	380	大破			0			0	1	陸上	100	12	159	135	0	10	10	0	超短	深海棲艦戦 Mark.III					深海棲艦爆 Mark.II					深海棲艦攻 Mark.II					深海棲艦攻 Mark.II															通常艦隊	通常艦隊
55	2023-09-02 14:47:39	カレー洋リランカ島沖	マップ:4-5 セル:2	出撃	勝利S	東洋方面潜水艦隊 哨戒線Cライン	120	単横陣	梯形陣	発見!	発見!(索敵機なし)	制空権確保	同航戦	天山一二型(友永隊)				砲撃戦	Jean Bart改	千歳航改二	千代田航改二	L.d.S.D.d.Abruzzi改	Ташкент改	満潮改二	通常艦隊	先制対潜	自軍	0	0				1	55	0	5	395	Ташкент改	駆逐艦	49	60	45	45	小破未満	15	14	15	35	35	35	155	高速	72	68	93	57	121	103	73	46	中	10cm連装高角砲+高射装置	10	0	0	0	10cm連装高角砲+高射装置	10	0	0	0	13号対空電探改	10	0	0	0	四式水中聴音機	0	0	0	0											3	1531	潜水ヨ級	潜水艦			24	24	小破未満			0			0	50	低速	0	62	0	9	0	0	0	0	短	21inch魚雷後期型					21inch魚雷後期型																									通常艦隊	通常艦隊
56	2023-09-02 14:47:39	カレー洋リランカ島沖	マップ:4-5 セル:2	出撃	勝利S	東洋方面潜水艦隊 哨戒線Cライン	120	単横陣	梯形陣	発見!	発見!(索敵機なし)	制空権確保	同航戦	天山一二型(友永隊)				砲撃戦	Jean Bart改	千歳航改二	千代田航改二	L.d.S.D.d.Abruzzi改	Ташкент改	満潮改二	通常艦隊	1	自軍	0	0	零式水上偵察機11型乙			1	34	0	4	693	L.d.S.D.d.Abruzzi改	軽巡洋艦	49	50	59	59	小破未満	40	37	40	55	55	55	163	高速	95	70	79	74	102	87	78	36	中	零式水上偵察機11型乙	0	7	2	2	WG42 (Wurfgerät 42)	0	0	2	2	20.3cm(3号)連装砲	10	0	2	2	20.3cm(3号)連装砲	10	0	2	2											4	1530	潜水カ級	潜水艦			19	19	小破未満			0			0	50	低速	0	46	0	7	0	0	0	0	短	21inch魚雷前期型					21inch魚雷前期型																									通常艦隊	通常艦隊
57	2023-09-02 14:47:39	カレー洋リランカ島沖	マップ:4-5 セル:2	出撃	勝利S	東洋方面潜水艦隊 哨戒線Cライン	120	単横陣	梯形陣	発見!	発見!(索敵機なし)	制空権確保	同航戦	天山一二型(友永隊)				砲撃戦	Jean Bart改	千歳航改二	千代田航改二	L.d.S.D.d.Abruzzi改	Ташкент改	満潮改二	通常艦隊	1	自軍	0	0				1	39	0	5	395	Ташкент改	駆逐艦	49	60	45	45	小破未満	15	14	15	35	35	35	155	高速	72	68	93	57	121	103	73	46	中	10cm連装高角砲+高射装置	10	0	0	0	10cm連装高角砲+高射装置	10	0	0	0	13号対空電探改	10	0	0	0	四式水中聴音機	0	0	0	0											2	1533	潜水ヨ級 elite	潜水艦			34	34	小破未満			0			0	50	低速	0	94	0	27	0	0	0	0	短	高速深海魚雷					21inch魚雷後期型					21inch魚雷後期型																				通常艦隊	通常艦隊
58	2023-09-02 14:47:39	カレー洋リランカ島沖	マップ:4-5 セル:2	出撃	勝利S	東洋方面潜水艦隊 哨戒線Cライン	120	単横陣	梯形陣	発見!	発見!(索敵機なし)	制空権確保	同航戦	天山一二型(友永隊)				砲撃戦	Jean Bart改	千歳航改二	千代田航改二	L.d.S.D.d.Abruzzi改	Ташкент改	満潮改二	通常艦隊	1	自軍	0	0				1	34	0	6	489	満潮改二	駆逐艦	49	50	37	37	小破未満	15	14	15	20	20	20	166	高速	77	89	85	54	118	83	85	23	短	10cm連装高角砲+高射装置	10	0	0	0	10cm連装高角砲+高射装置	10	0	0	0	特大発動艇+一式砲戦車	0	0	0	0																5	1530	潜水カ級	潜水艦			19	19	小破未満			0			0	50	低速	0	46	0	7	0	0	0	0	短	21inch魚雷前期型					21inch魚雷前期型																									通常艦隊	通常艦隊
59	2023-09-02 14:47:39	カレー洋リランカ島沖	マップ:4-5 セル:2	出撃	勝利S	東洋方面潜水艦隊 哨戒線Cライン	120	単横陣	梯形陣	発見!	発見!(索敵機なし)	制空権確保	同航戦	天山一二型(友永隊)				砲撃戦	Jean Bart改	千歳航改二	千代田航改二	L.d.S.D.d.Abruzzi改	Ташкент改	満潮改二	通常艦隊	1	自軍	0	0	天山一二型(友永隊)			1	3	0	3	297	千代田航改二	軽空母	49	50	65	65	小破未満	45	42	45	40	40	40	153	高速	38	14	93	65	89	11	107	17	短	天山一二型(友永隊)	0	7	24	23	九九式艦爆(江草隊)	0	7	16	16	Fw190T改	0	7	11	11	Fw190T改	0	7	8	8											1	1571	潜水ソ級 elite	潜水艦			45	45	小破未満			0			0	50	低速	31	120	1	30	0	0	0	0	短	高速深海魚雷					高速深海魚雷					3inch単装高角砲																				通常艦隊	通常艦隊
60	2023-09-02 14:47:39	カレー洋リランカ島沖	マップ:4-5 セル:2	出撃	勝利S	東洋方面潜水艦隊 哨戒線Cライン	120	単横陣	梯形陣	発見!	発見!(索敵機なし)	制空権確保	同航戦	天山一二型(友永隊)				砲撃戦	Jean Bart改	千歳航改二	千代田航改二	L.d.S.D.d.Abruzzi改	Ташкент改	満潮改二	通常艦隊	1	自軍	0	0	天山一二型(友永隊)			1	1	0	2	296	千歳航改二	軽空母	49	50	57	65	小破未満	45	42	45	40	40	40	153	高速	38	14	93	65	89	11	107	17	短	天山一二型(友永隊)	0	7	24	23	九九式艦爆(江草隊)	0	7	16	16	Fw190T改	0	7	11	11	Fw190T改	0	7	8	8											1	1571	潜水ソ級 elite	潜水艦			42	45	小破未満			0			0	50	低速	31	120	1	30	0	0	0	0	短	高速深海魚雷					高速深海魚雷					3inch単装高角砲																				通常艦隊	通常艦隊
61	2023-09-02 14:47:39	カレー洋リランカ島沖	マップ:4-5 セル:2	出撃	勝利S	東洋方面潜水艦隊 哨戒線Cライン	120	単横陣	梯形陣	発見!	発見!(索敵機なし)	制空権確保	同航戦	天山一二型(友永隊)				砲撃戦	Jean Bart改	千歳航改二	千代田航改二	L.d.S.D.d.Abruzzi改	Ташкент改	満潮改二	通常艦隊	2	自軍	0	0	天山一二型(友永隊)			1	3	0	2	296	千歳航改二	軽空母	49	50	57	65	小破未満	45	42	45	40	40	40	153	高速	38	14	93	65	89	11	107	17	短	天山一二型(友永隊)	0	7	24	23	九九式艦爆(江草隊)	0	7	16	16	Fw190T改	0	7	11	11	Fw190T改	0	7	8	8											1	1571	潜水ソ級 elite	潜水艦			41	45	小破未満			0			0	50	低速	31	120	1	30	0	0	0	0	短	高速深海魚雷					高速深海魚雷					3inch単装高角砲																				通常艦隊	通常艦隊
62	2023-09-02 14:47:39	カレー洋リランカ島沖	マップ:4-5 セル:2	出撃	勝利S	東洋方面潜水艦隊 哨戒線Cライン	120	単横陣	梯形陣	発見!	発見!(索敵機なし)	制空権確保	同航戦	天山一二型(友永隊)				砲撃戦	Jean Bart改	千歳航改二	千代田航改二	L.d.S.D.d.Abruzzi改	Ташкент改	満潮改二	通常艦隊	2	自軍	0	0	天山一二型(友永隊)			1	4	0	3	297	千代田航改二	軽空母	49	50	65	65	小破未満	45	42	45	40	40	40	153	高速	38	14	93	65	89	11	107	17	短	天山一二型(友永隊)	0	7	24	23	九九式艦爆(江草隊)	0	7	16	16	Fw190T改	0	7	11	11	Fw190T改	0	7	8	8											1	1571	潜水ソ級 elite	潜水艦			38	45	小破未満			0			0	50	低速	31	120	1	30	0	0	0	0	短	高速深海魚雷					高速深海魚雷					3inch単装高角砲																				通常艦隊	通常艦隊
63	2023-09-02 14:47:39	カレー洋リランカ島沖	マップ:4-5 セル:2	出撃	勝利S	東洋方面潜水艦隊 哨戒線Cライン	120	単横陣	梯形陣	発見!	発見!(索敵機なし)	制空権確保	同航戦	天山一二型(友永隊)				砲撃戦	Jean Bart改	千歳航改二	千代田航改二	L.d.S.D.d.Abruzzi改	Ташкент改	満潮改二	通常艦隊	2	自軍	0	0	零式水上偵察機11型乙			2	37	0	4	693	L.d.S.D.d.Abruzzi改	軽巡洋艦	49	50	59	59	小破未満	40	37	40	55	55	55	163	高速	95	70	79	74	102	87	78	36	中	零式水上偵察機11型乙	0	7	2	2	WG42 (Wurfgerät 42)	0	0	2	2	20.3cm(3号)連装砲	10	0	2	2	20.3cm(3号)連装砲	10	0	2	2											1	1571	潜水ソ級 elite	潜水艦			34	45	小破未満			0			0	50	低速	31	120	1	30	0	0	0	0	短	高速深海魚雷					高速深海魚雷					3inch単装高角砲																				通常艦隊	通常艦隊
64	2023-09-02 14:48:56	カレー洋リランカ島沖	マップ:4-5 セル:5		勝利S	東洋方面艦隊 威力偵察部隊	120	単縦陣	単縦陣	発見!	発見!	制空権確保	反航戦	天山一二型(友永隊)				砲撃戦	Jean Bart改	千歳航改二	千代田航改二	L.d.S.D.d.Abruzzi改	Ташкент改	満潮改二	通常艦隊	1	自軍	0	0	46cm三連装砲改			1	115	1	1	724	Jean Bart改	戦艦	93	97	64	96	小破	92	72	100	130	104	130	144	高速	160	0	98	100	90	8	78	27	超長	46cm三連装砲改	10	0	3	3	46cm三連装砲改	10	0	3	3	零式水上偵察機11型乙(熟練)	0	7	3	3	三式弾改二	10	0	3	3											5	1576	駆逐ロ級後期型	駆逐艦			37	37	小破未満			0			0	1	高速	40	66	32	26	0	23	0	0	短	5inch連装砲					深海ソナー Mk.II					深海爆雷投射機																				通常艦隊	通常艦隊
65	2023-09-02 14:48:56	カレー洋リランカ島沖	マップ:4-5 セル:5		勝利S	東洋方面艦隊 威力偵察部隊	120	単縦陣	単縦陣	発見!	発見!	制空権確保	反航戦	天山一二型(友永隊)				砲撃戦	重巡リ級改	重巡リ級	重巡リ級	軽巡ツ級	駆逐ロ級後期型	駆逐ロ級後期型	通常艦隊	1	敵軍	0	0	8inch三連装砲			0	0	0	3	1527	重巡リ級 flagship	重巡洋艦			76	76	小破未満			0			0	1	高速	79	58	46	70	0	1	5	0	中	8inch三連装砲					6inch連装速射砲					高速深海魚雷					深海棲艦偵察機															5	395	Ташкент改	駆逐艦	60	61	45	45	小破未満	14	11	15	35	28	35	155	高速	72	68	93	57	121	103	73	46	中	10cm連装高角砲+高射装置	10	0	0	0	10cm連装高角砲+高射装置	10	0	0	0	13号対空電探改	10	0	0	0	四式水中聴音機	0	0	0	0											通常艦隊	通常艦隊
66	2023-09-02 14:48:56	カレー洋リランカ島沖	マップ:4-5 セル:5		勝利S	東洋方面艦隊 威力偵察部隊	120	単縦陣	単縦陣	発見!	発見!	制空権確保	反航戦	天山一二型(友永隊)				砲撃戦	Jean Bart改	千歳航改二	千代田航改二	L.d.S.D.d.Abruzzi改	Ташкент改	満潮改二	通常艦隊	1	自軍	0	0	10cm連装高角砲+高射装置			0	0	1	5	395	Ташкент改	駆逐艦	60	61	45	45	小破未満	14	11	15	35	28	35	155	高速	72	68	93	57	121	103	73	46	中	10cm連装高角砲+高射装置	10	0	0	0	10cm連装高角砲+高射装置	10	0	0	0	13号対空電探改	10	0	0	0	四式水中聴音機	0	0	0	0											2	1527	重巡リ級 flagship	重巡洋艦			76	76	小破未満			0			0	1	高速	79	58	46	70	0	1	5	0	中	8inch三連装砲					6inch連装速射砲					高速深海魚雷					深海棲艦偵察機															通常艦隊	通常艦隊
67	2023-09-02 14:48:56	カレー洋リランカ島沖	マップ:4-5 セル:5		勝利S	東洋方面艦隊 威力偵察部隊	120	単縦陣	単縦陣	発見!	発見!	制空権確保	反航戦	天山一二型(友永隊)				砲撃戦	重巡リ級改	重巡リ級	重巡リ級	軽巡ツ級	駆逐ロ級後期型	駆逐ロ級後期型	通常艦隊	1	敵軍	0	0	8inch三連装砲			0	0	0	2	1527	重巡リ級 flagship	重巡洋艦			76	76	小破未満			0			0	1	高速	79	58	46	70	0	1	5	0	中	8inch三連装砲					6inch連装速射砲					高速深海魚雷					深海棲艦偵察機															2	296	千歳航改二	軽空母	50	51	57	65	小破未満	42	33	45	40	32	40	153	高速	38	14	93	65	89	11	107	17	短	天山一二型(友永隊)	0	7	23	20	九九式艦爆(江草隊)	0	7	16	14	Fw190T改	0	7	11	11	Fw190T改	0	7	8	8											通常艦隊	通常艦隊
68	2023-09-02 14:48:56	カレー洋リランカ島沖	マップ:4-5 セル:5		勝利S	東洋方面艦隊 威力偵察部隊	120	単縦陣	単縦陣	発見!	発見!	制空権確保	反航戦	天山一二型(友永隊)				砲撃戦	Jean Bart改	千歳航改二	千代田航改二	L.d.S.D.d.Abruzzi改	Ташкент改	満潮改二	通常艦隊	1	自軍	2	0	20.3cm(3号)連装砲	20.3cm(3号)連装砲		1	27	0	4	693	L.d.S.D.d.Abruzzi改	軽巡洋艦	50	51	59	59	小破未満	37	29	40	55	44	55	163	高速	95	70	79	74	102	87	78	36	中	零式水上偵察機11型乙	0	7	2	2	WG42 (Wurfgerät 42)	0	0	2	2	20.3cm(3号)連装砲	10	0	2	2	20.3cm(3号)連装砲	10	0	2	2											1	1566	重巡リ級改 flagship	重巡洋艦			88	88	小破未満			0			0	1	高速	104	90	64	80	0	2	10	0	中	8inch三連装砲					8inch三連装砲					高速深海魚雷					飛び魚偵察機															通常艦隊	通常艦隊
69	2023-09-02 14:48:56	カレー洋リランカ島沖	マップ:4-5 セル:5		勝利S	東洋方面艦隊 威力偵察部隊	120	単縦陣	単縦陣	発見!	発見!	制空権確保	反航戦	天山一二型(友永隊)				砲撃戦	Jean Bart改	千歳航改二	千代田航改二	L.d.S.D.d.Abruzzi改	Ташкент改	満潮改二	通常艦隊	1	自軍	2	1	20.3cm(3号)連装砲	20.3cm(3号)連装砲		1	39	0	4	693	L.d.S.D.d.Abruzzi改	軽巡洋艦	50	51	59	59	小破未満	37	29	40	55	44	55	163	高速	95	70	79	74	102	87	78	36	中	零式水上偵察機11型乙	0	7	2	2	WG42 (Wurfgerät 42)	0	0	2	2	20.3cm(3号)連装砲	10	0	2	2	20.3cm(3号)連装砲	10	0	2	2											1	1566	重巡リ級改 flagship	重巡洋艦			61	88	小破			0			0	1	高速	104	90	64	80	0	2	10	0	中	8inch三連装砲					8inch三連装砲					高速深海魚雷					飛び魚偵察機															通常艦隊	通常艦隊
70	2023-09-02 14:48:56	カレー洋リランカ島沖	マップ:4-5 セル:5		勝利S	東洋方面艦隊 威力偵察部隊	120	単縦陣	単縦陣	発見!	発見!	制空権確保	反航戦	天山一二型(友永隊)				砲撃戦	重巡リ級改	重巡リ級	重巡リ級	軽巡ツ級	駆逐ロ級後期型	駆逐ロ級後期型	通常艦隊	1	敵軍	0	0	8inch三連装砲			0	0	0	1	1566	重巡リ級改 flagship	重巡洋艦			22	88	大破			0			0	1	高速	104	90	64	80	0	2	10	0	中	8inch三連装砲					8inch三連装砲					高速深海魚雷					飛び魚偵察機															3	297	千代田航改二	軽空母	50	61	65	65	小破未満	42	33	45	40	32	40	153	高速	38	14	93	65	89	11	107	17	短	天山一二型(友永隊)	0	7	23	20	九九式艦爆(江草隊)	0	7	16	16	Fw190T改	0	7	11	11	Fw190T改	0	7	8	8											通常艦隊	通常艦隊
71	2023-09-02 14:48:56	カレー洋リランカ島沖	マップ:4-5 セル:5		勝利S	東洋方面艦隊 威力偵察部隊	120	単縦陣	単縦陣	発見!	発見!	制空権確保	反航戦	天山一二型(友永隊)				砲撃戦	Jean Bart改	千歳航改二	千代田航改二	L.d.S.D.d.Abruzzi改	Ташкент改	満潮改二	通常艦隊	1	自軍	0	0	10cm連装高角砲+高射装置			2	35	0	6	489	満潮改二	駆逐艦	50	51	37	37	小破未満	14	11	15	20	16	20	166	高速	77	89	85	54	118	83	85	23	短	10cm連装高角砲+高射装置	10	0	0	0	10cm連装高角砲+高射装置	10	0	0	0	特大発動艇+一式砲戦車	0	0	0	0																2	1527	重巡リ級 flagship	重巡洋艦			76	76	小破未満			0			0	1	高速	79	58	46	70	0	1	5	0	中	8inch三連装砲					6inch連装速射砲					高速深海魚雷					深海棲艦偵察機															通常艦隊	通常艦隊
72	2023-09-02 14:48:56	カレー洋リランカ島沖	マップ:4-5 セル:5		勝利S	東洋方面艦隊 威力偵察部隊	120	単縦陣	単縦陣	発見!	発見!	制空権確保	反航戦	天山一二型(友永隊)				砲撃戦	Jean Bart改	千歳航改二	千代田航改二	L.d.S.D.d.Abruzzi改	Ташкент改	満潮改二	通常艦隊	1	自軍	0	0				2	165	1	2	296	千歳航改二	軽空母	50	51	57	65	小破未満	42	33	45	40	32	40	153	高速	38	14	93	65	89	11	107	17	短	天山一二型(友永隊)	0	7	23	20	九九式艦爆(江草隊)	0	7	16	14	Fw190T改	0	7	11	11	Fw190T改	0	7	8	8											3	1527	重巡リ級 flagship	重巡洋艦			76	76	小破未満			0			0	1	高速	79	58	46	70	0	1	5	0	中	8inch三連装砲					6inch連装速射砲					高速深海魚雷					深海棲艦偵察機															通常艦隊	通常艦隊
73	2023-09-02 14:48:56	カレー洋リランカ島沖	マップ:4-5 セル:5		勝利S	東洋方面艦隊 威力偵察部隊	120	単縦陣	単縦陣	発見!	発見!	制空権確保	反航戦	天山一二型(友永隊)				砲撃戦	Jean Bart改	千歳航改二	千代田航改二	L.d.S.D.d.Abruzzi改	Ташкент改	満潮改二	通常艦隊	1	自軍	0	0				1	36	0	3	297	千代田航改二	軽空母	50	61	65	65	小破未満	42	33	45	40	32	40	153	高速	38	14	93	65	89	11	107	17	短	天山一二型(友永隊)	0	7	23	20	九九式艦爆(江草隊)	0	7	16	16	Fw190T改	0	7	11	11	Fw190T改	0	7	8	8											1	1566	重巡リ級改 flagship	重巡洋艦			22	88	大破			0			0	1	高速	104	90	64	80	0	2	10	0	中	8inch三連装砲					8inch三連装砲					高速深海魚雷					飛び魚偵察機															通常艦隊	通常艦隊
74	2023-09-02 14:48:56	カレー洋リランカ島沖	マップ:4-5 セル:5		勝利S	東洋方面艦隊 威力偵察部隊	120	単縦陣	単縦陣	発見!	発見!	制空権確保	反航戦	天山一二型(友永隊)				砲撃戦	Jean Bart改	千歳航改二	千代田航改二	L.d.S.D.d.Abruzzi改	Ташкент改	満潮改二	通常艦隊	2	自軍	0	0	46cm三連装砲改			1	71	0	1	724	Jean Bart改	戦艦	93	97	64	96	小破	92	72	100	130	104	130	144	高速	160	0	98	100	90	8	78	27	超長	46cm三連装砲改	10	0	3	3	46cm三連装砲改	10	0	3	3	零式水上偵察機11型乙(熟練)	0	7	3	3	三式弾改二	10	0	3	3											2	1527	重巡リ級 flagship	重巡洋艦			41	76	小破			0			0	1	高速	79	58	46	70	0	1	5	0	中	8inch三連装砲					6inch連装速射砲					高速深海魚雷					深海棲艦偵察機															通常艦隊	通常艦隊
75	2023-09-02 14:50:31	カレー洋リランカ島沖	マップ:4-5 セル:14		勝利S	東洋方面艦隊 後方兵站部隊	120	単縦陣	輪形陣	発見!	発見!	制空権確保	反航戦	零式水上偵察機11型乙(熟練)				砲撃戦	Jean Bart改	千歳航改二	千代田航改二	L.d.S.D.d.Abruzzi改	Ташкент改	満潮改二	通常艦隊	1	自軍	2	0	46cm三連装砲改	46cm三連装砲改		1	140	0	1	724	Jean Bart改	戦艦	97	100	64	96	小破	72	52	100	104	78	130	144	高速	160	0	98	100	90	8	78	27	超長	46cm三連装砲改	10	0	3	3	46cm三連装砲改	10	0	3	3	零式水上偵察機11型乙(熟練)	0	7	3	3	三式弾改二	10	0	3	3											5	1576	駆逐ロ級後期型	駆逐艦			37	37	小破未満			0			0	1	高速	40	66	32	26	0	23	0	0	短	5inch連装砲					深海ソナー Mk.II					深海爆雷投射機																				通常艦隊	通常艦隊
76	2023-09-02 14:50:31	カレー洋リランカ島沖	マップ:4-5 セル:14		勝利S	東洋方面艦隊 後方兵站部隊	120	単縦陣	輪形陣	発見!	発見!	制空権確保	反航戦	零式水上偵察機11型乙(熟練)				砲撃戦	Jean Bart改	千歳航改二	千代田航改二	L.d.S.D.d.Abruzzi改	Ташкент改	満潮改二	通常艦隊	1	自軍	2	1	46cm三連装砲改	46cm三連装砲改		1	142	0	1	724	Jean Bart改	戦艦	97	100	64	96	小破	72	52	100	104	78	130	144	高速	160	0	98	100	90	8	78	27	超長	46cm三連装砲改	10	0	3	3	46cm三連装砲改	10	0	3	3	零式水上偵察機11型乙(熟練)	0	7	3	3	三式弾改二	10	0	3	3											5	1576	駆逐ロ級後期型	駆逐艦			0	37	轟沈			0			0	1	高速	40	66	32	26	0	23	0	0	短	5inch連装砲					深海ソナー Mk.II					深海爆雷投射機																				通常艦隊	通常艦隊
77	2023-09-02 14:50:31	カレー洋リランカ島沖	マップ:4-5 セル:14		勝利S	東洋方面艦隊 後方兵站部隊	120	単縦陣	輪形陣	発見!	発見!	制空権確保	反航戦	零式水上偵察機11型乙(熟練)				砲撃戦	輸送ワ級	輸送ワ級	輸送ワ級	軽巡ホ級	駆逐ロ級後期型	駆逐ロ級後期型	通常艦隊	1	敵軍	0	0	5inch単装高射砲			0	0	0	4	1518	軽巡ホ級 elite	軽巡洋艦			48	48	小破未満			0			0	1	高速	32	40	23	30	0	1	5	0	中	5inch単装高射砲					深海棲艦偵察機																									1	724	Jean Bart改	戦艦	97	100	64	96	小破	72	52	100	104	78	130	144	高速	160	0	98	100	90	8	78	27	超長	46cm三連装砲改	10	0	3	3	46cm三連装砲改	10	0	3	3	零式水上偵察機11型乙(熟練)	0	7	3	3	三式弾改二	10	0	3	3											通常艦隊	通常艦隊
78	2023-09-02 14:50:31	カレー洋リランカ島沖	マップ:4-5 セル:14		勝利S	東洋方面艦隊 後方兵站部隊	120	単縦陣	輪形陣	発見!	発見!	制空権確保	反航戦	零式水上偵察機11型乙(熟練)				砲撃戦	Jean Bart改	千歳航改二	千代田航改二	L.d.S.D.d.Abruzzi改	Ташкент改	満潮改二	通常艦隊	1	自軍	0	0	20.3cm(3号)連装砲			1	54	1	4	693	L.d.S.D.d.Abruzzi改	軽巡洋艦	51	52	59	59	小破未満	29	21	40	44	33	55	163	高速	95	70	79	74	102	87	78	36	中	零式水上偵察機11型乙	0	7	2	2	WG42 (Wurfgerät 42)	0	0	2	2	20.3cm(3号)連装砲	10	0	2	2	20.3cm(3号)連装砲	10	0	2	2											2	1526	輸送ワ級 elite	補給艦			80	80	小破未満			0			0	1	低速	18	0	2	35	0	0	0	0	短	5inch単装砲					3inch単装高角砲					3inch単装高角砲																				通常艦隊	通常艦隊
79	2023-09-02 14:50:31	カレー洋リランカ島沖	マップ:4-5 セル:14		勝利S	東洋方面艦隊 後方兵站部隊	120	単縦陣	輪形陣	発見!	発見!	制空権確保	反航戦	零式水上偵察機11型乙(熟練)				砲撃戦	輸送ワ級	輸送ワ級	輸送ワ級	軽巡ホ級	駆逐ロ級後期型	駆逐ロ級後期型	通常艦隊	1	敵軍	0	0	5inch単装砲			0	0	1	1	1526	輸送ワ級 elite	補給艦			80	80	小破未満			0			0	1	低速	18	0	2	35	0	0	0	0	短	5inch単装砲					3inch単装高角砲					3inch単装高角砲																				5	395	Ташкент改	駆逐艦	61	62	45	45	小破未満	11	8	15	28	21	35	155	高速	72	68	93	57	121	103	73	46	中	10cm連装高角砲+高射装置	10	0	0	0	10cm連装高角砲+高射装置	10	0	0	0	13号対空電探改	10	0	0	0	四式水中聴音機	0	0	0	0											通常艦隊	通常艦隊
80	2023-09-02 14:50:31	カレー洋リランカ島沖	マップ:4-5 セル:14		勝利S	東洋方面艦隊 後方兵站部隊	120	単縦陣	輪形陣	発見!	発見!	制空権確保	反航戦	零式水上偵察機11型乙(熟練)				砲撃戦	Jean Bart改	千歳航改二	千代田航改二	L.d.S.D.d.Abruzzi改	Ташкент改	満潮改二	通常艦隊	1	自軍	0	0	10cm連装高角砲+高射装置			1	36	1	5	395	Ташкент改	駆逐艦	61	62	45	45	小破未満	11	8	15	28	21	35	155	高速	72	68	93	57	121	103	73	46	中	10cm連装高角砲+高射装置	10	0	0	0	10cm連装高角砲+高射装置	10	0	0	0	13号対空電探改	10	0	0	0	四式水中聴音機	0	0	0	0											4	1518	軽巡ホ級 elite	軽巡洋艦			48	48	小破未満			0			0	1	高速	32	40	23	30	0	1	5	0	中	5inch単装高射砲					深海棲艦偵察機																									通常艦隊	通常艦隊
81	2023-09-02 14:50:31	カレー洋リランカ島沖	マップ:4-5 セル:14		勝利S	東洋方面艦隊 後方兵站部隊	120	単縦陣	輪形陣	発見!	発見!	制空権確保	反航戦	零式水上偵察機11型乙(熟練)				砲撃戦	Jean Bart改	千歳航改二	千代田航改二	L.d.S.D.d.Abruzzi改	Ташкент改	満潮改二	通常艦隊	1	自軍	0	0	10cm連装高角砲+高射装置			1	40	0	6	489	満潮改二	駆逐艦	51	52	37	37	小破未満	11	8	15	16	12	20	166	高速	77	89	85	54	118	83	85	23	短	10cm連装高角砲+高射装置	10	0	0	0	10cm連装高角砲+高射装置	10	0	0	0	特大発動艇+一式砲戦車	0	0	0	0																4	1518	軽巡ホ級 elite	軽巡洋艦			12	48	大破			0			0	1	高速	32	40	23	30	0	1	5	0	中	5inch単装高射砲					深海棲艦偵察機																									通常艦隊	通常艦隊
82	2023-09-02 14:50:31	カレー洋リランカ島沖	マップ:4-5 セル:14		勝利S	東洋方面艦隊 後方兵站部隊	120	単縦陣	輪形陣	発見!	発見!	制空権確保	反航戦	零式水上偵察機11型乙(熟練)				砲撃戦	輸送ワ級	輸送ワ級	輸送ワ級	軽巡ホ級	駆逐ロ級後期型	駆逐ロ級後期型	通常艦隊	1	敵軍	0	0	5inch単装砲			0	0	0	2	1526	輸送ワ級 elite	補給艦			26	80	中破			0			0	1	低速	18	0	2	35	0	0	0	0	短	5inch単装砲					3inch単装高角砲					3inch単装高角砲																				5	395	Ташкент改	駆逐艦	61	62	45	45	小破未満	11	8	15	28	21	35	155	高速	72	68	93	57	121	103	73	46	中	10cm連装高角砲+高射装置	10	0	0	0	10cm連装高角砲+高射装置	10	0	0	0	13号対空電探改	10	0	0	0	四式水中聴音機	0	0	0	0											通常艦隊	通常艦隊
83	2023-09-02 14:50:31	カレー洋リランカ島沖	マップ:4-5 セル:14		勝利S	東洋方面艦隊 後方兵站部隊	120	単縦陣	輪形陣	発見!	発見!	制空権確保	反航戦	零式水上偵察機11型乙(熟練)				砲撃戦	Jean Bart改	千歳航改二	千代田航改二	L.d.S.D.d.Abruzzi改	Ташкент改	満潮改二	通常艦隊	1	自軍	7	0	Fw190T改	九九式艦爆(江草隊)	天山一二型(友永隊)	2	254	0	3	297	千代田航改二	軽空母	61	72	65	65	小破未満	33	24	45	32	24	40	153	高速	38	14	93	65	89	11	107	17	短	天山一二型(友永隊)	0	7	20	19	九九式艦爆(江草隊)	0	7	16	16	Fw190T改	0	7	11	11	Fw190T改	0	7	8	8											2	1526	輸送ワ級 elite	補給艦			26	80	中破			0			0	1	低速	18	0	2	35	0	0	0	0	短	5inch単装砲					3inch単装高角砲					3inch単装高角砲																				通常艦隊	通常艦隊
84	2023-09-02 14:50:31	カレー洋リランカ島沖	マップ:4-5 セル:14		勝利S	東洋方面艦隊 後方兵站部隊	120	単縦陣	輪形陣	発見!	発見!	制空権確保	反航戦	零式水上偵察機11型乙(熟練)				砲撃戦	Jean Bart改	千歳航改二	千代田航改二	L.d.S.D.d.Abruzzi改	Ташкент改	満潮改二	通常艦隊	1	自軍	7	0	Fw190T改	九九式艦爆(江草隊)	天山一二型(友永隊)	2	250	0	2	296	千歳航改二	軽空母	51	52	57	65	小破未満	33	24	45	32	24	40	153	高速	38	14	93	65	89	11	107	17	短	天山一二型(友永隊)	0	7	20	20	九九式艦爆(江草隊)	0	7	14	14	Fw190T改	0	7	11	11	Fw190T改	0	7	8	8											1	1526	輸送ワ級 elite	補給艦			80	80	小破未満			0			0	1	低速	18	0	2	35	0	0	0	0	短	5inch単装砲					3inch単装高角砲					3inch単装高角砲																				通常艦隊	通常艦隊
85	2023-09-02 14:51:56	カレー洋リランカ島沖	マップ:4-5 セル:31	ボス	勝利S	リランカ島港湾守備隊	120	単縦陣	単縦陣	発見!	発見!	航空優勢	同航戦	天山一二型(友永隊)				砲撃戦	Jean Bart改	千歳航改二	千代田航改二	L.d.S.D.d.Abruzzi改	Ташкент改	満潮改二	通常艦隊	1	自軍	2	0	46cm三連装砲改	46cm三連装砲改		1	192	0	1	724	Jean Bart改	戦艦	100	85	64	96	小破	52	32	100	78	52	130	144	高速	160	0	98	100	90	8	78	27	超長	46cm三連装砲改	10	0	3	3	46cm三連装砲改	10	0	3	3	零式水上偵察機11型乙(熟練)	0	7	3	3	三式弾改二	10	0	3	3											6	1575	駆逐イ級後期型	駆逐艦			35	35	小破未満			0			0	1	高速	40	60	30	22	0	23	0	0	短	5inch連装砲					深海ソナー Mk.II					深海爆雷投射機																				通常艦隊	通常艦隊
86	2023-09-02 14:51:56	カレー洋リランカ島沖	マップ:4-5 セル:31	ボス	勝利S	リランカ島港湾守備隊	120	単縦陣	単縦陣	発見!	発見!	航空優勢	同航戦	天山一二型(友永隊)				砲撃戦	Jean Bart改	千歳航改二	千代田航改二	L.d.S.D.d.Abruzzi改	Ташкент改	満潮改二	通常艦隊	1	自軍	2	1	46cm三連装砲改	46cm三連装砲改		1	192	0	1	724	Jean Bart改	戦艦	100	85	64	96	小破	52	32	100	78	52	130	144	高速	160	0	98	100	90	8	78	27	超長	46cm三連装砲改	10	0	3	3	46cm三連装砲改	10	0	3	3	零式水上偵察機11型乙(熟練)	0	7	3	3	三式弾改二	10	0	3	3											6	1575	駆逐イ級後期型	駆逐艦			0	35	轟沈			0			0	1	高速	40	60	30	22	0	23	0	0	短	5inch連装砲					深海ソナー Mk.II					深海爆雷投射機																				通常艦隊	通常艦隊
87	2023-09-02 14:51:56	カレー洋リランカ島沖	マップ:4-5 セル:31	ボス	勝利S	リランカ島港湾守備隊	120	単縦陣	単縦陣	発見!	発見!	航空優勢	同航戦	天山一二型(友永隊)				砲撃戦	港湾棲姫	護衛要塞	護衛要塞	戦艦ル級改	駆逐イ級後期型	駆逐イ級後期型	通常艦隊	1	敵軍	0	0	16inch三連装砲			0	0	0	4	1567	戦艦ル級改 flagship	戦艦			121	130	小破未満			0			0	1	低速	150	0	100	110	0	2	20	0	長	16inch三連装砲					16inch三連装砲					水上レーダ― Mark.II					飛び魚偵察機															3	297	千代田航改二	軽空母	72	58	65	65	小破未満	24	15	45	24	16	40	153	高速	38	14	93	65	89	11	107	17	短	天山一二型(友永隊)	0	7	19	18	九九式艦爆(江草隊)	0	7	16	14	Fw190T改	0	7	11	10	Fw190T改	0	7	8	8											通常艦隊	通常艦隊
88	2023-09-02 14:51:56	カレー洋リランカ島沖	マップ:4-5 セル:31	ボス	勝利S	リランカ島港湾守備隊	120	単縦陣	単縦陣	発見!	発見!	航空優勢	同航戦	天山一二型(友永隊)				砲撃戦	Jean Bart改	千歳航改二	千代田航改二	L.d.S.D.d.Abruzzi改	Ташкент改	満潮改二	通常艦隊	1	自軍	2	0	20.3cm(3号)連装砲	20.3cm(3号)連装砲		1	135	0	4	693	L.d.S.D.d.Abruzzi改	軽巡洋艦	52	44	59	59	小破未満	21	13	40	33	22	55	163	高速	95	70	79	74	102	87	78	36	中	零式水上偵察機11型乙	0	7	2	2	WG42 (Wurfgerät 42)	0	0	2	2	20.3cm(3号)連装砲	10	0	2	2	20.3cm(3号)連装砲	10	0	2	2											1	1573	港湾棲姫	航空戦艦			380	380	小破未満			0			0	1	陸上	100	12	159	135	0	10	10	0	超短	深海棲艦戦 Mark.III					深海棲艦爆 Mark.II					深海棲艦攻 Mark.II					深海棲艦攻 Mark.II															通常艦隊	通常艦隊
89	2023-09-02 14:51:56	カレー洋リランカ島沖	マップ:4-5 セル:31	ボス	勝利S	リランカ島港湾守備隊	120	単縦陣	単縦陣	発見!	発見!	航空優勢	同航戦	天山一二型(友永隊)				砲撃戦	Jean Bart改	千歳航改二	千代田航改二	L.d.S.D.d.Abruzzi改	Ташкент改	満潮改二	通常艦隊	1	自軍	2	1	20.3cm(3号)連装砲	20.3cm(3号)連装砲		1	120	0	4	693	L.d.S.D.d.Abruzzi改	軽巡洋艦	52	44	59	59	小破未満	21	13	40	33	22	55	163	高速	95	70	79	74	102	87	78	36	中	零式水上偵察機11型乙	0	7	2	2	WG42 (Wurfgerät 42)	0	0	2	2	20.3cm(3号)連装砲	10	0	2	2	20.3cm(3号)連装砲	10	0	2	2											1	1573	港湾棲姫	航空戦艦			245	380	小破			0			0	1	陸上	100	12	159	135	0	10	10	0	超短	深海棲艦戦 Mark.III					深海棲艦爆 Mark.II					深海棲艦攻 Mark.II					深海棲艦攻 Mark.II															通常艦隊	通常艦隊
90	2023-09-02 14:51:56	カレー洋リランカ島沖	マップ:4-5 セル:31	ボス	勝利S	リランカ島港湾守備隊	120	単縦陣	単縦陣	発見!	発見!	航空優勢	同航戦	天山一二型(友永隊)				砲撃戦	Jean Bart改	千歳航改二	千代田航改二	L.d.S.D.d.Abruzzi改	Ташкент改	満潮改二	通常艦隊	1	自軍	0	0	10cm連装高角砲+高射装置			1	15	0	5	395	Ташкент改	駆逐艦	62	49	23	45	小破	8	5	15	21	14	35	155	高速	72	68	93	57	121	103	73	46	中	10cm連装高角砲+高射装置	10	0	0	0	10cm連装高角砲+高射装置	10	0	0	0	13号対空電探改	10	0	0	0	四式水中聴音機	0	0	0	0											4	1567	戦艦ル級改 flagship	戦艦			121	130	小破未満			0			0	1	低速	150	0	100	110	0	2	20	0	長	16inch三連装砲					16inch三連装砲					水上レーダ― Mark.II					飛び魚偵察機															通常艦隊	通常艦隊
91	2023-09-02 14:51:56	カレー洋リランカ島沖	マップ:4-5 セル:31	ボス	勝利S	リランカ島港湾守備隊	120	単縦陣	単縦陣	発見!	発見!	航空優勢	同航戦	天山一二型(友永隊)				砲撃戦	Jean Bart改	千歳航改二	千代田航改二	L.d.S.D.d.Abruzzi改	Ташкент改	満潮改二	通常艦隊	1	自軍	0	0	10cm連装高角砲+高射装置			1	90	0	6	489	満潮改二	駆逐艦	52	44	37	37	小破未満	8	5	15	12	8	20	166	高速	77	89	85	54	118	83	85	23	短	10cm連装高角砲+高射装置	10	0	0	0	10cm連装高角砲+高射装置	10	0	0	0	特大発動艇+一式砲戦車	0	0	0	0																1	1573	港湾棲姫	航空戦艦			125	380	中破			0			0	1	陸上	100	12	159	135	0	10	10	0	超短	深海棲艦戦 Mark.III					深海棲艦爆 Mark.II					深海棲艦攻 Mark.II					深海棲艦攻 Mark.II															通常艦隊	通常艦隊
92	2023-09-02 14:51:56	カレー洋リランカ島沖	マップ:4-5 セル:31	ボス	勝利S	リランカ島港湾守備隊	120	単縦陣	単縦陣	発見!	発見!	航空優勢	同航戦	天山一二型(友永隊)				砲撃戦	Jean Bart改	千歳航改二	千代田航改二	L.d.S.D.d.Abruzzi改	Ташкент改	満潮改二	通常艦隊	1	自軍	0	0				0	0	0	2	296	千歳航改二	軽空母	52	44	52	65	小破未満	24	15	45	24	16	40	153	高速	38	14	93	65	89	11	107	17	短	天山一二型(友永隊)	0	7	20	19	九九式艦爆(江草隊)	0	7	14	13	Fw190T改	0	7	11	10	Fw190T改	0	7	8	8											4	1567	戦艦ル級改 flagship	戦艦			106	130	小破未満			0			0	1	低速	150	0	100	110	0	2	20	0	長	16inch三連装砲					16inch三連装砲					水上レーダ― Mark.II					飛び魚偵察機															通常艦隊	通常艦隊
93	2023-09-02 14:51:56	カレー洋リランカ島沖	マップ:4-5 セル:31	ボス	勝利S	リランカ島港湾守備隊	120	単縦陣	単縦陣	発見!	発見!	航空優勢	同航戦	天山一二型(友永隊)				砲撃戦	Jean Bart改	千歳航改二	千代田航改二	L.d.S.D.d.Abruzzi改	Ташкент改	満潮改二	通常艦隊	1	自軍	7	0	Fw190T改	九九式艦爆(江草隊)	天山一二型(友永隊)	1	59	0	3	297	千代田航改二	軽空母	72	58	65	65	小破未満	24	15	45	24	16	40	153	高速	38	14	93	65	89	11	107	17	短	天山一二型(友永隊)	0	7	19	18	九九式艦爆(江草隊)	0	7	16	14	Fw190T改	0	7	11	10	Fw190T改	0	7	8	8											4	1567	戦艦ル級改 flagship	戦艦			106	130	小破未満			0			0	1	低速	150	0	100	110	0	2	20	0	長	16inch三連装砲					16inch三連装砲					水上レーダ― Mark.II					飛び魚偵察機															通常艦隊	通常艦隊
94	2023-09-02 14:51:56	カレー洋リランカ島沖	マップ:4-5 セル:31	ボス	勝利S	リランカ島港湾守備隊	120	単縦陣	単縦陣	発見!	発見!	航空優勢	同航戦	天山一二型(友永隊)				砲撃戦	Jean Bart改	千歳航改二	千代田航改二	L.d.S.D.d.Abruzzi改	Ташкент改	満潮改二	通常艦隊	2	自軍	2	0	46cm三連装砲改	46cm三連装砲改		1	75	0	1	724	Jean Bart改	戦艦	100	85	64	96	小破	52	32	100	78	52	130	144	高速	160	0	98	100	90	8	78	27	超長	46cm三連装砲改	10	0	3	3	46cm三連装砲改	10	0	3	3	零式水上偵察機11型乙(熟練)	0	7	3	3	三式弾改二	10	0	3	3											4	1567	戦艦ル級改 flagship	戦艦			47	130	中破			0			0	1	低速	150	0	100	110	0	2	20	0	長	16inch三連装砲					16inch三連装砲					水上レーダ― Mark.II					飛び魚偵察機															通常艦隊	通常艦隊
95	2023-09-02 14:51:56	カレー洋リランカ島沖	マップ:4-5 セル:31	ボス	勝利S	リランカ島港湾守備隊	120	単縦陣	単縦陣	発見!	発見!	航空優勢	同航戦	天山一二型(友永隊)				砲撃戦	Jean Bart改	千歳航改二	千代田航改二	L.d.S.D.d.Abruzzi改	Ташкент改	満潮改二	通常艦隊	2	自軍	2	1	46cm三連装砲改	46cm三連装砲改		1	110	0	1	724	Jean Bart改	戦艦	100	85	64	96	小破	52	32	100	78	52	130	144	高速	160	0	98	100	90	8	78	27	超長	46cm三連装砲改	10	0	3	3	46cm三連装砲改	10	0	3	3	零式水上偵察機11型乙(熟練)	0	7	3	3	三式弾改二	10	0	3	3											4	1567	戦艦ル級改 flagship	戦艦			0	130	轟沈			0			0	1	低速	150	0	100	110	0	2	20	0	長	16inch三連装砲					16inch三連装砲					水上レーダ― Mark.II					飛び魚偵察機															通常艦隊	通常艦隊
96	2023-09-02 14:51:56	カレー洋リランカ島沖	マップ:4-5 セル:31	ボス	勝利S	リランカ島港湾守備隊	120	単縦陣	単縦陣	発見!	発見!	航空優勢	同航戦	天山一二型(友永隊)				砲撃戦	Jean Bart改	千歳航改二	千代田航改二	L.d.S.D.d.Abruzzi改	Ташкент改	満潮改二	通常艦隊	2	自軍	2	0	20.3cm(3号)連装砲	20.3cm(3号)連装砲		1	3	0	4	693	L.d.S.D.d.Abruzzi改	軽巡洋艦	52	44	59	59	小破未満	21	13	40	33	22	55	163	高速	95	70	79	74	102	87	78	36	中	零式水上偵察機11型乙	0	7	2	2	WG42 (Wurfgerät 42)	0	0	2	2	20.3cm(3号)連装砲	10	0	2	2	20.3cm(3号)連装砲	10	0	2	2											1	1573	港湾棲姫	航空戦艦			35	380	大破			0			0	1	陸上	100	12	159	135	0	10	10	0	超短	深海棲艦戦 Mark.III					深海棲艦爆 Mark.II					深海棲艦攻 Mark.II					深海棲艦攻 Mark.II															通常艦隊	通常艦隊
97	2023-09-02 14:51:56	カレー洋リランカ島沖	マップ:4-5 セル:31	ボス	勝利S	リランカ島港湾守備隊	120	単縦陣	単縦陣	発見!	発見!	航空優勢	同航戦	天山一二型(友永隊)				砲撃戦	Jean Bart改	千歳航改二	千代田航改二	L.d.S.D.d.Abruzzi改	Ташкент改	満潮改二	通常艦隊	2	自軍	2	1	20.3cm(3号)連装砲	20.3cm(3号)連装砲		1	90	0	4	693	L.d.S.D.d.Abruzzi改	軽巡洋艦	52	44	59	59	小破未満	21	13	40	33	22	55	163	高速	95	70	79	74	102	87	78	36	中	零式水上偵察機11型乙	0	7	2	2	WG42 (Wurfgerät 42)	0	0	2	2	20.3cm(3号)連装砲	10	0	2	2	20.3cm(3号)連装砲	10	0	2	2											1	1573	港湾棲姫	航空戦艦			32	380	大破			0			0	1	陸上	100	12	159	135	0	10	10	0	超短	深海棲艦戦 Mark.III					深海棲艦爆 Mark.II					深海棲艦攻 Mark.II					深海棲艦攻 Mark.II															通常艦隊	通常艦隊
98	2023-09-02 14:56:40	カレー洋リランカ島沖	マップ:4-5 セル:6	出撃	勝利S	東洋方面潜水艦隊 哨戒線Aライン	120	単横陣	梯形陣	発見!	発見!(索敵機なし)	制空権確保	同航戦	天山一二型(友永隊)				砲撃戦	Jean Bart改	千歳航改二	千代田航改二	L.d.S.D.d.Abruzzi改	Ташкент改	満潮改二	通常艦隊	先制対潜	自軍	0	0				1	58	0	5	395	Ташкент改	駆逐艦	49	60	45	45	小破未満	15	14	15	35	35	35	155	高速	72	68	93	57	121	103	73	46	中	10cm連装高角砲+高射装置	10	0	0	0	10cm連装高角砲+高射装置	10	0	0	0	13号対空電探改	10	0	0	0	四式水中聴音機	0	0	0	0											5	1530	潜水カ級	潜水艦			19	19	小破未満			0			0	50	低速	0	46	0	7	0	0	0	0	短	21inch魚雷前期型					21inch魚雷前期型																									通常艦隊	通常艦隊
99	2023-09-02 14:56:40	カレー洋リランカ島沖	マップ:4-5 セル:6	出撃	勝利S	東洋方面潜水艦隊 哨戒線Aライン	120	単横陣	梯形陣	発見!	発見!(索敵機なし)	制空権確保	同航戦	天山一二型(友永隊)				砲撃戦	Jean Bart改	千歳航改二	千代田航改二	L.d.S.D.d.Abruzzi改	Ташкент改	満潮改二	通常艦隊	1	自軍	0	0				1	46	0	5	395	Ташкент改	駆逐艦	49	60	45	45	小破未満	15	14	15	35	35	35	155	高速	72	68	93	57	121	103	73	46	中	10cm連装高角砲+高射装置	10	0	0	0	10cm連装高角砲+高射装置	10	0	0	0	13号対空電探改	10	0	0	0	四式水中聴音機	0	0	0	0											2	1533	潜水ヨ級 elite	潜水艦			34	34	小破未満			0			0	50	低速	0	94	0	27	0	0	0	0	短	高速深海魚雷					21inch魚雷後期型					21inch魚雷後期型																				通常艦隊	通常艦隊
100	2023-09-02 14:56:40	カレー洋リランカ島沖	マップ:4-5 セル:6	出撃	勝利S	東洋方面潜水艦隊 哨戒線Aライン	120	単横陣	梯形陣	発見!	発見!(索敵機なし)	制空権確保	同航戦	天山一二型(友永隊)				砲撃戦	Jean Bart改	千歳航改二	千代田航改二	L.d.S.D.d.Abruzzi改	Ташкент改	満潮改二	通常艦隊	1	自軍	0	0	零式水上偵察機11型乙			1	15	0	4	693	L.d.S.D.d.Abruzzi改	軽巡洋艦	47	48	59	59	小破未満	40	37	40	55	55	55	163	高速	95	70	79	74	102	87	78	36	中	零式水上偵察機11型乙	0	7	2	2	WG42 (Wurfgerät 42)	0	0	2	2	20.3cm(3号)連装砲	10	0	2	2	20.3cm(3号)連装砲	10	0	2	2											3	1533	潜水ヨ級 elite	潜水艦			34	34	小破未満			0			0	50	低速	0	94	0	27	0	0	0	0	短	高速深海魚雷					21inch魚雷後期型					21inch魚雷後期型																				通常艦隊	通常艦隊
101	2023-09-02 14:56:40	カレー洋リランカ島沖	マップ:4-5 セル:6	出撃	勝利S	東洋方面潜水艦隊 哨戒線Aライン	120	単横陣	梯形陣	発見!	発見!(索敵機なし)	制空権確保	同航戦	天山一二型(友永隊)				砲撃戦	Jean Bart改	千歳航改二	千代田航改二	L.d.S.D.d.Abruzzi改	Ташкент改	満潮改二	通常艦隊	1	自軍	0	0	天山一二型(友永隊)			1	3	0	3	297	千代田航改二	軽空母	58	59	65	65	小破未満	45	42	45	40	40	40	153	高速	38	14	93	65	89	11	107	17	短	天山一二型(友永隊)	0	7	24	24	九九式艦爆(江草隊)	0	7	16	16	Fw190T改	0	7	11	11	Fw190T改	0	7	8	8											1	1533	潜水ヨ級 elite	潜水艦			34	34	小破未満			0			0	50	低速	0	94	0	27	0	0	0	0	短	高速深海魚雷					21inch魚雷後期型					21inch魚雷後期型																				通常艦隊	通常艦隊
102	2023-09-02 14:56:40	カレー洋リランカ島沖	マップ:4-5 セル:6	出撃	勝利S	東洋方面潜水艦隊 哨戒線Aライン	120	単横陣	梯形陣	発見!	発見!(索敵機なし)	制空権確保	同航戦	天山一二型(友永隊)				砲撃戦	Jean Bart改	千歳航改二	千代田航改二	L.d.S.D.d.Abruzzi改	Ташкент改	満潮改二	通常艦隊	1	自軍	0	0				1	15	0	6	489	満潮改二	駆逐艦	47	48	37	37	小破未満	15	14	15	20	20	20	166	高速	77	89	85	54	118	83	85	23	短	10cm連装高角砲+高射装置	10	0	0	0	10cm連装高角砲+高射装置	10	0	0	0	特大発動艇+一式砲戦車	0	0	0	0																3	1533	潜水ヨ級 elite	潜水艦			19	34	小破			0			0	50	低速	0	94	0	27	0	0	0	0	短	高速深海魚雷					21inch魚雷後期型					21inch魚雷後期型																				通常艦隊	通常艦隊
103	2023-09-02 14:56:40	カレー洋リランカ島沖	マップ:4-5 セル:6	出撃	勝利S	東洋方面潜水艦隊 哨戒線Aライン	120	単横陣	梯形陣	発見!	発見!(索敵機なし)	制空権確保	同航戦	天山一二型(友永隊)				砲撃戦	Jean Bart改	千歳航改二	千代田航改二	L.d.S.D.d.Abruzzi改	Ташкент改	満潮改二	通常艦隊	1	自軍	0	0	天山一二型(友永隊)			1	26	0	2	296	千歳航改二	軽空母	47	48	52	65	小破未満	45	42	45	40	40	40	153	高速	38	14	93	65	89	11	107	17	短	天山一二型(友永隊)	0	7	24	24	九九式艦爆(江草隊)	0	7	16	16	Fw190T改	0	7	11	11	Fw190T改	0	7	8	8											4	1530	潜水カ級	潜水艦			19	19	小破未満			0			0	50	低速	0	46	0	7	0	0	0	0	短	21inch魚雷前期型					21inch魚雷前期型																									通常艦隊	通常艦隊
104	2023-09-02 14:56:40	カレー洋リランカ島沖	マップ:4-5 セル:6	出撃	勝利S	東洋方面潜水艦隊 哨戒線Aライン	120	単横陣	梯形陣	発見!	発見!(索敵機なし)	制空権確保	同航戦	天山一二型(友永隊)				砲撃戦	Jean Bart改	千歳航改二	千代田航改二	L.d.S.D.d.Abruzzi改	Ташкент改	満潮改二	通常艦隊	2	自軍	0	0	天山一二型(友永隊)			1	7	0	2	296	千歳航改二	軽空母	47	48	52	65	小破未満	45	42	45	40	40	40	153	高速	38	14	93	65	89	11	107	17	短	天山一二型(友永隊)	0	7	24	24	九九式艦爆(江草隊)	0	7	16	16	Fw190T改	0	7	11	11	Fw190T改	0	7	8	8											1	1533	潜水ヨ級 elite	潜水艦			31	34	小破未満			0			0	50	低速	0	94	0	27	0	0	0	0	短	高速深海魚雷					21inch魚雷後期型					21inch魚雷後期型																				通常艦隊	通常艦隊
105	2023-09-02 14:56:40	カレー洋リランカ島沖	マップ:4-5 セル:6	出撃	勝利S	東洋方面潜水艦隊 哨戒線Aライン	120	単横陣	梯形陣	発見!	発見!(索敵機なし)	制空権確保	同航戦	天山一二型(友永隊)				砲撃戦	Jean Bart改	千歳航改二	千代田航改二	L.d.S.D.d.Abruzzi改	Ташкент改	満潮改二	通常艦隊	2	自軍	0	0	天山一二型(友永隊)			2	26	0	3	297	千代田航改二	軽空母	58	59	65	65	小破未満	45	42	45	40	40	40	153	高速	38	14	93	65	89	11	107	17	短	天山一二型(友永隊)	0	7	24	24	九九式艦爆(江草隊)	0	7	16	16	Fw190T改	0	7	11	11	Fw190T改	0	7	8	8											1	1533	潜水ヨ級 elite	潜水艦			24	34	小破			0			0	50	低速	0	94	0	27	0	0	0	0	短	高速深海魚雷					21inch魚雷後期型					21inch魚雷後期型																				通常艦隊	通常艦隊
106	2023-09-02 14:56:40	カレー洋リランカ島沖	マップ:4-5 セル:6	出撃	勝利S	東洋方面潜水艦隊 哨戒線Aライン	120	単横陣	梯形陣	発見!	発見!(索敵機なし)	制空権確保	同航戦	天山一二型(友永隊)				砲撃戦	Jean Bart改	千歳航改二	千代田航改二	L.d.S.D.d.Abruzzi改	Ташкент改	満潮改二	通常艦隊	2	自軍	0	0	零式水上偵察機11型乙			2	32	0	4	693	L.d.S.D.d.Abruzzi改	軽巡洋艦	47	48	59	59	小破未満	40	37	40	55	55	55	163	高速	95	70	79	74	102	87	78	36	中	零式水上偵察機11型乙	0	7	2	2	WG42 (Wurfgerät 42)	0	0	2	2	20.3cm(3号)連装砲	10	0	2	2	20.3cm(3号)連装砲	10	0	2	2											3	1533	潜水ヨ級 elite	潜水艦			4	34	大破			0			0	50	低速	0	94	0	27	0	0	0	0	短	高速深海魚雷					21inch魚雷後期型					21inch魚雷後期型																				通常艦隊	通常艦隊
107	2023-09-02 14:58:07	カレー洋リランカ島沖	マップ:4-5 セル:10		勝利S	東洋方面艦隊 突撃水雷戦隊	120	単縦陣	単縦陣	発見!	発見!	制空権確保	Ｔ字不利					砲撃戦	Jean Bart改	千歳航改二	千代田航改二	L.d.S.D.d.Abruzzi改	Ташкент改	満潮改二	通常艦隊	1	自軍	2	0	46cm三連装砲改	46cm三連装砲改		1	83	0	1	724	Jean Bart改	戦艦	89	93	64	96	小破	92	72	100	130	104	130	144	高速	160	0	98	100	90	8	78	27	超長	46cm三連装砲改	10	0	3	3	46cm三連装砲改	10	0	3	3	零式水上偵察機11型乙(熟練)	0	7	3	3	三式弾改二	10	0	3	3											1	1559	雷巡チ級 flagship	重雷装巡洋艦			70	70	小破未満			0			0	1	高速	53	140	33	60	0	0	0	0	中	6inch連装速射砲					高速深海魚雷					高速深海魚雷																				通常艦隊	通常艦隊
108	2023-09-02 14:58:07	カレー洋リランカ島沖	マップ:4-5 セル:10		勝利S	東洋方面艦隊 突撃水雷戦隊	120	単縦陣	単縦陣	発見!	発見!	制空権確保	Ｔ字不利					砲撃戦	Jean Bart改	千歳航改二	千代田航改二	L.d.S.D.d.Abruzzi改	Ташкент改	満潮改二	通常艦隊	1	自軍	2	1	46cm三連装砲改	46cm三連装砲改		1	52	0	1	724	Jean Bart改	戦艦	89	93	64	96	小破	92	72	100	130	104	130	144	高速	160	0	98	100	90	8	78	27	超長	46cm三連装砲改	10	0	3	3	46cm三連装砲改	10	0	3	3	零式水上偵察機11型乙(熟練)	0	7	3	3	三式弾改二	10	0	3	3											1	1559	雷巡チ級 flagship	重雷装巡洋艦			0	70	轟沈			0			0	1	高速	53	140	33	60	0	0	0	0	中	6inch連装速射砲					高速深海魚雷					高速深海魚雷																				通常艦隊	通常艦隊
109	2023-09-02 14:58:07	カレー洋リランカ島沖	マップ:4-5 セル:10		勝利S	東洋方面艦隊 突撃水雷戦隊	120	単縦陣	単縦陣	発見!	発見!	制空権確保	Ｔ字不利					砲撃戦	雷巡チ級	雷巡チ級	雷巡チ級	軽巡ツ級	駆逐ロ級後期型	駆逐ロ級後期型	通常艦隊	1	敵軍	0	0	6inch連装速射砲			0	0	0	3	1559	雷巡チ級 flagship	重雷装巡洋艦			70	70	小破未満			0			0	1	高速	53	140	33	60	0	0	0	0	中	6inch連装速射砲					高速深海魚雷					高速深海魚雷																				3	297	千代田航改二	軽空母	59	60	65	65	小破未満	42	33	45	40	32	40	153	高速	38	14	93	65	89	11	107	17	短	天山一二型(友永隊)	0	7	24	23	九九式艦爆(江草隊)	0	7	16	15	Fw190T改	0	7	11	11	Fw190T改	0	7	8	8											通常艦隊	通常艦隊
110	2023-09-02 14:58:07	カレー洋リランカ島沖	マップ:4-5 セル:10		勝利S	東洋方面艦隊 突撃水雷戦隊	120	単縦陣	単縦陣	発見!	発見!	制空権確保	Ｔ字不利					砲撃戦	Jean Bart改	千歳航改二	千代田航改二	L.d.S.D.d.Abruzzi改	Ташкент改	満潮改二	通常艦隊	1	自軍	2	0	20.3cm(3号)連装砲	20.3cm(3号)連装砲		1	8	0	4	693	L.d.S.D.d.Abruzzi改	軽巡洋艦	48	49	59	59	小破未満	37	29	40	55	44	55	163	高速	95	70	79	74	102	87	78	36	中	零式水上偵察機11型乙	0	7	2	2	WG42 (Wurfgerät 42)	0	0	2	2	20.3cm(3号)連装砲	10	0	2	2	20.3cm(3号)連装砲	10	0	2	2											4	1592	軽巡ツ級 elite	軽巡洋艦			23	66	中破			0			0	1	高速	68	92	115	68	0	17	5	0	中	5inch連装両用莢砲					5inch連装両用莢砲					深海ソナー Mk.II					深海棲艦偵察機															通常艦隊	通常艦隊
111	2023-09-02 14:58:07	カレー洋リランカ島沖	マップ:4-5 セル:10		勝利S	東洋方面艦隊 突撃水雷戦隊	120	単縦陣	単縦陣	発見!	発見!	制空権確保	Ｔ字不利					砲撃戦	Jean Bart改	千歳航改二	千代田航改二	L.d.S.D.d.Abruzzi改	Ташкент改	満潮改二	通常艦隊	1	自軍	2	1	20.3cm(3号)連装砲	20.3cm(3号)連装砲		1	1	0	4	693	L.d.S.D.d.Abruzzi改	軽巡洋艦	48	49	59	59	小破未満	37	29	40	55	44	55	163	高速	95	70	79	74	102	87	78	36	中	零式水上偵察機11型乙	0	7	2	2	WG42 (Wurfgerät 42)	0	0	2	2	20.3cm(3号)連装砲	10	0	2	2	20.3cm(3号)連装砲	10	0	2	2											4	1592	軽巡ツ級 elite	軽巡洋艦			15	66	大破			0			0	1	高速	68	92	115	68	0	17	5	0	中	5inch連装両用莢砲					5inch連装両用莢砲					深海ソナー Mk.II					深海棲艦偵察機															通常艦隊	通常艦隊
112	2023-09-02 14:58:07	カレー洋リランカ島沖	マップ:4-5 セル:10		勝利S	東洋方面艦隊 突撃水雷戦隊	120	単縦陣	単縦陣	発見!	発見!	制空権確保	Ｔ字不利					砲撃戦	Jean Bart改	千歳航改二	千代田航改二	L.d.S.D.d.Abruzzi改	Ташкент改	満潮改二	通常艦隊	1	自軍	0	0	10cm連装高角砲+高射装置			1	8	0	5	395	Ташкент改	駆逐艦	60	61	45	45	小破未満	14	11	15	35	28	35	155	高速	72	68	93	57	121	103	73	46	中	10cm連装高角砲+高射装置	10	0	0	0	10cm連装高角砲+高射装置	10	0	0	0	13号対空電探改	10	0	0	0	四式水中聴音機	0	0	0	0											3	1559	雷巡チ級 flagship	重雷装巡洋艦			70	70	小破未満			0			0	1	高速	53	140	33	60	0	0	0	0	中	6inch連装速射砲					高速深海魚雷					高速深海魚雷																				通常艦隊	通常艦隊
113	2023-09-02 14:58:07	カレー洋リランカ島沖	マップ:4-5 セル:10		勝利S	東洋方面艦隊 突撃水雷戦隊	120	単縦陣	単縦陣	発見!	発見!	制空権確保	Ｔ字不利					砲撃戦	雷巡チ級	雷巡チ級	雷巡チ級	軽巡ツ級	駆逐ロ級後期型	駆逐ロ級後期型	通常艦隊	1	敵軍	0	0	6inch連装速射砲			0	0	0	2	1559	雷巡チ級 flagship	重雷装巡洋艦			70	70	小破未満			0			0	1	高速	53	140	33	60	0	0	0	0	中	6inch連装速射砲					高速深海魚雷					高速深海魚雷																				4	693	L.d.S.D.d.Abruzzi改	軽巡洋艦	48	49	59	59	小破未満	37	29	40	55	44	55	163	高速	95	70	79	74	102	87	78	36	中	零式水上偵察機11型乙	0	7	2	2	WG42 (Wurfgerät 42)	0	0	2	2	20.3cm(3号)連装砲	10	0	2	2	20.3cm(3号)連装砲	10	0	2	2											通常艦隊	通常艦隊
114	2023-09-02 14:58:07	カレー洋リランカ島沖	マップ:4-5 セル:10		勝利S	東洋方面艦隊 突撃水雷戦隊	120	単縦陣	単縦陣	発見!	発見!	制空権確保	Ｔ字不利					砲撃戦	Jean Bart改	千歳航改二	千代田航改二	L.d.S.D.d.Abruzzi改	Ташкент改	満潮改二	通常艦隊	1	自軍	0	0				2	120	0	3	297	千代田航改二	軽空母	59	60	65	65	小破未満	42	33	45	40	32	40	153	高速	38	14	93	65	89	11	107	17	短	天山一二型(友永隊)	0	7	24	23	九九式艦爆(江草隊)	0	7	16	15	Fw190T改	0	7	11	11	Fw190T改	0	7	8	8											3	1559	雷巡チ級 flagship	重雷装巡洋艦			62	70	小破未満			0			0	1	高速	53	140	33	60	0	0	0	0	中	6inch連装速射砲					高速深海魚雷					高速深海魚雷																				通常艦隊	通常艦隊
115	2023-09-02 14:58:07	カレー洋リランカ島沖	マップ:4-5 セル:10		勝利S	東洋方面艦隊 突撃水雷戦隊	120	単縦陣	単縦陣	発見!	発見!	制空権確保	Ｔ字不利					砲撃戦	雷巡チ級	雷巡チ級	雷巡チ級	軽巡ツ級	駆逐ロ級後期型	駆逐ロ級後期型	通常艦隊	1	敵軍	0	0	5inch連装両用莢砲			1	7	0	4	1592	軽巡ツ級 elite	軽巡洋艦			14	66	大破			0			0	1	高速	68	92	115	68	0	17	5	0	中	5inch連装両用莢砲					5inch連装両用莢砲					深海ソナー Mk.II					深海棲艦偵察機															4	693	L.d.S.D.d.Abruzzi改	軽巡洋艦	48	49	59	59	小破未満	37	29	40	55	44	55	163	高速	95	70	79	74	102	87	78	36	中	零式水上偵察機11型乙	0	7	2	2	WG42 (Wurfgerät 42)	0	0	2	2	20.3cm(3号)連装砲	10	0	2	2	20.3cm(3号)連装砲	10	0	2	2											通常艦隊	通常艦隊
116	2023-09-02 14:58:07	カレー洋リランカ島沖	マップ:4-5 セル:10		勝利S	東洋方面艦隊 突撃水雷戦隊	120	単縦陣	単縦陣	発見!	発見!	制空権確保	Ｔ字不利					砲撃戦	Jean Bart改	千歳航改二	千代田航改二	L.d.S.D.d.Abruzzi改	Ташкент改	満潮改二	通常艦隊	1	自軍	0	0	10cm連装高角砲+高射装置			0	0	0	6	489	満潮改二	駆逐艦	48	49	37	37	小破未満	14	11	15	20	16	20	166	高速	77	89	85	54	118	83	85	23	短	10cm連装高角砲+高射装置	10	0	0	0	10cm連装高角砲+高射装置	10	0	0	0	特大発動艇+一式砲戦車	0	0	0	0																6	1576	駆逐ロ級後期型	駆逐艦			37	37	小破未満			0			0	1	高速	40	66	32	26	0	23	0	0	短	5inch連装砲					深海ソナー Mk.II					深海爆雷投射機																				通常艦隊	通常艦隊
117	2023-09-02 14:58:07	カレー洋リランカ島沖	マップ:4-5 セル:10		勝利S	東洋方面艦隊 突撃水雷戦隊	120	単縦陣	単縦陣	発見!	発見!	制空権確保	Ｔ字不利					砲撃戦	雷巡チ級	雷巡チ級	雷巡チ級	軽巡ツ級	駆逐ロ級後期型	駆逐ロ級後期型	通常艦隊	1	敵軍	0	0	5inch連装砲			1	5	0	5	1576	駆逐ロ級後期型	駆逐艦			37	37	小破未満			0			0	1	高速	40	66	32	26	0	23	0	0	短	5inch連装砲					深海ソナー Mk.II					深海爆雷投射機																				4	693	L.d.S.D.d.Abruzzi改	軽巡洋艦	48	49	52	59	小破未満	37	29	40	55	44	55	163	高速	95	70	79	74	102	87	78	36	中	零式水上偵察機11型乙	0	7	2	2	WG42 (Wurfgerät 42)	0	0	2	2	20.3cm(3号)連装砲	10	0	2	2	20.3cm(3号)連装砲	10	0	2	2											通常艦隊	通常艦隊
118	2023-09-02 14:58:07	カレー洋リランカ島沖	マップ:4-5 セル:10		勝利S	東洋方面艦隊 突撃水雷戦隊	120	単縦陣	単縦陣	発見!	発見!	制空権確保	Ｔ字不利					砲撃戦	Jean Bart改	千歳航改二	千代田航改二	L.d.S.D.d.Abruzzi改	Ташкент改	満潮改二	通常艦隊	1	自軍	7	0	Fw190T改	九九式艦爆(江草隊)	天山一二型(友永隊)	1	90	0	2	296	千歳航改二	軽空母	48	59	52	65	小破未満	42	33	45	40	32	40	153	高速	38	14	93	65	89	11	107	17	短	天山一二型(友永隊)	0	7	24	23	九九式艦爆(江草隊)	0	7	16	16	Fw190T改	0	7	11	11	Fw190T改	0	7	8	8											5	1576	駆逐ロ級後期型	駆逐艦			37	37	小破未満			0			0	1	高速	40	66	32	26	0	23	0	0	短	5inch連装砲					深海ソナー Mk.II					深海爆雷投射機																				通常艦隊	通常艦隊
119	2023-09-02 14:58:07	カレー洋リランカ島沖	マップ:4-5 セル:10		勝利S	東洋方面艦隊 突撃水雷戦隊	120	単縦陣	単縦陣	発見!	発見!	制空権確保	Ｔ字不利					砲撃戦	雷巡チ級	雷巡チ級	雷巡チ級	軽巡ツ級	駆逐ロ級後期型	駆逐ロ級後期型	通常艦隊	1	敵軍	0	0	5inch連装砲			0	0	0	6	1576	駆逐ロ級後期型	駆逐艦			37	37	小破未満			0			0	1	高速	40	66	32	26	0	23	0	0	短	5inch連装砲					深海ソナー Mk.II					深海爆雷投射機																				1	724	Jean Bart改	戦艦	89	93	64	96	小破	92	72	100	130	104	130	144	高速	160	0	98	100	90	8	78	27	超長	46cm三連装砲改	10	0	3	3	46cm三連装砲改	10	0	3	3	零式水上偵察機11型乙(熟練)	0	7	3	3	三式弾改二	10	0	3	3											通常艦隊	通常艦隊
120	2023-09-02 14:58:07	カレー洋リランカ島沖	マップ:4-5 セル:10		勝利S	東洋方面艦隊 突撃水雷戦隊	120	単縦陣	単縦陣	発見!	発見!	制空権確保	Ｔ字不利					砲撃戦	Jean Bart改	千歳航改二	千代田航改二	L.d.S.D.d.Abruzzi改	Ташкент改	満潮改二	通常艦隊	2	自軍	2	0	46cm三連装砲改	46cm三連装砲改		1	57	0	1	724	Jean Bart改	戦艦	89	93	64	96	小破	92	72	100	130	104	130	144	高速	160	0	98	100	90	8	78	27	超長	46cm三連装砲改	10	0	3	3	46cm三連装砲改	10	0	3	3	零式水上偵察機11型乙(熟練)	0	7	3	3	三式弾改二	10	0	3	3											2	1559	雷巡チ級 flagship	重雷装巡洋艦			70	70	小破未満			0			0	1	高速	53	140	33	60	0	0	0	0	中	6inch連装速射砲					高速深海魚雷					高速深海魚雷																				通常艦隊	通常艦隊
121	2023-09-02 14:58:07	カレー洋リランカ島沖	マップ:4-5 セル:10		勝利S	東洋方面艦隊 突撃水雷戦隊	120	単縦陣	単縦陣	発見!	発見!	制空権確保	Ｔ字不利					砲撃戦	Jean Bart改	千歳航改二	千代田航改二	L.d.S.D.d.Abruzzi改	Ташкент改	満潮改二	通常艦隊	2	自軍	2	1	46cm三連装砲改	46cm三連装砲改		1	65	0	1	724	Jean Bart改	戦艦	89	93	64	96	小破	92	72	100	130	104	130	144	高速	160	0	98	100	90	8	78	27	超長	46cm三連装砲改	10	0	3	3	46cm三連装砲改	10	0	3	3	零式水上偵察機11型乙(熟練)	0	7	3	3	三式弾改二	10	0	3	3											2	1559	雷巡チ級 flagship	重雷装巡洋艦			13	70	大破			0			0	1	高速	53	140	33	60	0	0	0	0	中	6inch連装速射砲					高速深海魚雷					高速深海魚雷																				通常艦隊	通常艦隊
122	2023-09-02 14:58:07	カレー洋リランカ島沖	マップ:4-5 セル:10		勝利S	東洋方面艦隊 突撃水雷戦隊	120	単縦陣	単縦陣	発見!	発見!	制空権確保	Ｔ字不利					砲撃戦	Jean Bart改	千歳航改二	千代田航改二	L.d.S.D.d.Abruzzi改	Ташкент改	満潮改二	通常艦隊	2	自軍	7	0	Fw190T改	九九式艦爆(江草隊)	天山一二型(友永隊)	2	181	0	2	296	千歳航改二	軽空母	48	59	52	65	小破未満	42	33	45	40	32	40	153	高速	38	14	93	65	89	11	107	17	短	天山一二型(友永隊)	0	7	24	23	九九式艦爆(江草隊)	0	7	16	16	Fw190T改	0	7	11	11	Fw190T改	0	7	8	8											6	1576	駆逐ロ級後期型	駆逐艦			37	37	小破未満			0			0	1	高速	40	66	32	26	0	23	0	0	短	5inch連装砲					深海ソナー Mk.II					深海爆雷投射機																				通常艦隊	通常艦隊
123	2023-09-02 14:58:07	カレー洋リランカ島沖	マップ:4-5 セル:10		勝利S	東洋方面艦隊 突撃水雷戦隊	120	単縦陣	単縦陣	発見!	発見!	制空権確保	Ｔ字不利					砲撃戦	雷巡チ級	雷巡チ級	雷巡チ級	軽巡ツ級	駆逐ロ級後期型	駆逐ロ級後期型	通常艦隊	2	敵軍	0	0	5inch連装両用莢砲			1	5	0	4	1592	軽巡ツ級 elite	軽巡洋艦			14	66	大破			0			0	1	高速	68	92	115	68	0	17	5	0	中	5inch連装両用莢砲					5inch連装両用莢砲					深海ソナー Mk.II					深海棲艦偵察機															2	296	千歳航改二	軽空母	48	59	52	65	小破未満	42	33	45	40	32	40	153	高速	38	14	93	65	89	11	107	17	短	天山一二型(友永隊)	0	7	24	23	九九式艦爆(江草隊)	0	7	16	16	Fw190T改	0	7	11	11	Fw190T改	0	7	8	8											通常艦隊	通常艦隊
124	2023-09-02 14:58:07	カレー洋リランカ島沖	マップ:4-5 セル:10		勝利S	東洋方面艦隊 突撃水雷戦隊	120	単縦陣	単縦陣	発見!	発見!	制空権確保	Ｔ字不利					砲撃戦	Jean Bart改	千歳航改二	千代田航改二	L.d.S.D.d.Abruzzi改	Ташкент改	満潮改二	通常艦隊	2	自軍	7	0	九九式艦爆(江草隊)	天山一二型(友永隊)		1	34	0	3	297	千代田航改二	軽空母	59	60	65	65	小破未満	42	33	45	40	32	40	153	高速	38	14	93	65	89	11	107	17	短	天山一二型(友永隊)	0	7	24	23	九九式艦爆(江草隊)	0	7	16	15	Fw190T改	0	7	11	11	Fw190T改	0	7	8	8											4	1592	軽巡ツ級 elite	軽巡洋艦			14	66	大破			0			0	1	高速	68	92	115	68	0	17	5	0	中	5inch連装両用莢砲					5inch連装両用莢砲					深海ソナー Mk.II					深海棲艦偵察機															通常艦隊	通常艦隊
125	2023-09-02 14:59:42	カレー洋リランカ島沖	マップ:4-5 セル:24		勝利S	東洋方面艦隊 新編水上打撃部隊	120	単縦陣	複縦陣	発見!	発見!	制空権確保	反航戦	天山一二型(友永隊)				砲撃戦	Jean Bart改	千歳航改二	千代田航改二	L.d.S.D.d.Abruzzi改	Ташкент改	満潮改二	通常艦隊	1	自軍	0	0	46cm三連装砲改			1	31	0	1	724	Jean Bart改	戦艦	93	97	64	96	小破	72	52	100	104	78	130	144	高速	160	0	98	100	90	8	78	27	超長	46cm三連装砲改	10	0	3	3	46cm三連装砲改	10	0	3	3	零式水上偵察機11型乙(熟練)	0	7	3	3	三式弾改二	10	0	3	3											3	1542	戦艦タ級 elite	戦艦			88	88	小破未満			0			0	1	高速	117	0	77	88	0	0	5	0	長	16inch三連装砲					16inch連装砲					12.5inch連装副砲					水上レーダ― Mark.I															通常艦隊	通常艦隊
126	2023-09-02 14:59:42	カレー洋リランカ島沖	マップ:4-5 セル:24		勝利S	東洋方面艦隊 新編水上打撃部隊	120	単縦陣	複縦陣	発見!	発見!	制空権確保	反航戦	天山一二型(友永隊)				砲撃戦	重巡リ級改	戦艦タ級	戦艦タ級	重巡ネ級	軽巡ツ級	駆逐イ級後期型	通常艦隊	1	敵軍	0	0	16inch三連装砲			0	0	0	3	1542	戦艦タ級 elite	戦艦			57	88	小破			0			0	1	高速	117	0	77	88	0	0	5	0	長	16inch三連装砲					16inch連装砲					12.5inch連装副砲					水上レーダ― Mark.I															2	296	千歳航改二	軽空母	59	70	47	65	小破	33	24	45	32	24	40	153	高速	38	14	93	65	89	11	107	17	短	天山一二型(友永隊)	0	7	23	23	九九式艦爆(江草隊)	0	7	16	16	Fw190T改	0	7	11	11	Fw190T改	0	7	8	8											通常艦隊	通常艦隊
127	2023-09-02 14:59:42	カレー洋リランカ島沖	マップ:4-5 セル:24		勝利S	東洋方面艦隊 新編水上打撃部隊	120	単縦陣	複縦陣	発見!	発見!	制空権確保	反航戦	天山一二型(友永隊)				砲撃戦	Jean Bart改	千歳航改二	千代田航改二	L.d.S.D.d.Abruzzi改	Ташкент改	満潮改二	通常艦隊	1	自軍	2	0	20.3cm(3号)連装砲	20.3cm(3号)連装砲		2	100	0	4	693	L.d.S.D.d.Abruzzi改	軽巡洋艦	49	50	47	59	小破未満	29	21	40	44	33	55	163	高速	95	70	79	74	102	87	78	36	中	零式水上偵察機11型乙	0	7	2	2	WG42 (Wurfgerät 42)	0	0	2	2	20.3cm(3号)連装砲	10	0	2	2	20.3cm(3号)連装砲	10	0	2	2											5	1592	軽巡ツ級 elite	軽巡洋艦			66	66	小破未満			0			0	1	高速	68	92	115	68	0	17	5	0	中	5inch連装両用莢砲					5inch連装両用莢砲					深海ソナー Mk.II					深海棲艦偵察機															通常艦隊	通常艦隊
128	2023-09-02 14:59:42	カレー洋リランカ島沖	マップ:4-5 セル:24		勝利S	東洋方面艦隊 新編水上打撃部隊	120	単縦陣	複縦陣	発見!	発見!	制空権確保	反航戦	天山一二型(友永隊)				砲撃戦	Jean Bart改	千歳航改二	千代田航改二	L.d.S.D.d.Abruzzi改	Ташкент改	満潮改二	通常艦隊	1	自軍	2	1	20.3cm(3号)連装砲	20.3cm(3号)連装砲		1	0	0	4	693	L.d.S.D.d.Abruzzi改	軽巡洋艦	49	50	47	59	小破未満	29	21	40	44	33	55	163	高速	95	70	79	74	102	87	78	36	中	零式水上偵察機11型乙	0	7	2	2	WG42 (Wurfgerät 42)	0	0	2	2	20.3cm(3号)連装砲	10	0	2	2	20.3cm(3号)連装砲	10	0	2	2											5	1592	軽巡ツ級 elite	軽巡洋艦			0	66	轟沈			0			0	1	高速	68	92	115	68	0	17	5	0	中	5inch連装両用莢砲					5inch連装両用莢砲					深海ソナー Mk.II					深海棲艦偵察機															通常艦隊	通常艦隊
129	2023-09-02 14:59:42	カレー洋リランカ島沖	マップ:4-5 セル:24		勝利S	東洋方面艦隊 新編水上打撃部隊	120	単縦陣	複縦陣	発見!	発見!	制空権確保	反航戦	天山一二型(友永隊)				砲撃戦	重巡リ級改	戦艦タ級	戦艦タ級	重巡ネ級	軽巡ツ級	駆逐イ級後期型	通常艦隊	1	敵軍	0	0	16inch三連装砲			1	12	0	2	1542	戦艦タ級 elite	戦艦			88	88	小破未満			0			0	1	高速	117	0	77	88	0	0	5	0	長	16inch三連装砲					16inch連装砲					12.5inch連装副砲					水上レーダ― Mark.I															3	297	千代田航改二	軽空母	60	61	65	65	小破未満	33	24	45	32	24	40	153	高速	38	14	93	65	89	11	107	17	短	天山一二型(友永隊)	0	7	23	20	九九式艦爆(江草隊)	0	7	15	15	Fw190T改	0	7	11	11	Fw190T改	0	7	8	8											通常艦隊	通常艦隊
130	2023-09-02 14:59:42	カレー洋リランカ島沖	マップ:4-5 セル:24		勝利S	東洋方面艦隊 新編水上打撃部隊	120	単縦陣	複縦陣	発見!	発見!	制空権確保	反航戦	天山一二型(友永隊)				砲撃戦	Jean Bart改	千歳航改二	千代田航改二	L.d.S.D.d.Abruzzi改	Ташкент改	満潮改二	通常艦隊	1	自軍	0	0	10cm連装高角砲+高射装置			1	9	0	5	395	Ташкент改	駆逐艦	61	62	45	45	小破未満	11	8	15	28	21	35	155	高速	72	68	93	57	121	103	73	46	中	10cm連装高角砲+高射装置	10	0	0	0	10cm連装高角砲+高射装置	10	0	0	0	13号対空電探改	10	0	0	0	四式水中聴音機	0	0	0	0											2	1542	戦艦タ級 elite	戦艦			88	88	小破未満			0			0	1	高速	117	0	77	88	0	0	5	0	長	16inch三連装砲					16inch連装砲					12.5inch連装副砲					水上レーダ― Mark.I															通常艦隊	通常艦隊
131	2023-09-02 14:59:42	カレー洋リランカ島沖	マップ:4-5 セル:24		勝利S	東洋方面艦隊 新編水上打撃部隊	120	単縦陣	複縦陣	発見!	発見!	制空権確保	反航戦	天山一二型(友永隊)				砲撃戦	重巡リ級改	戦艦タ級	戦艦タ級	重巡ネ級	軽巡ツ級	駆逐イ級後期型	通常艦隊	1	敵軍	0	0	8inch三連装砲			1	5	0	1	1566	重巡リ級改 flagship	重巡洋艦			88	88	小破未満			0			0	1	高速	104	90	64	80	0	2	10	0	中	8inch三連装砲					8inch三連装砲					高速深海魚雷					飛び魚偵察機															4	693	L.d.S.D.d.Abruzzi改	軽巡洋艦	49	50	47	59	小破未満	29	21	40	44	33	55	163	高速	95	70	79	74	102	87	78	36	中	零式水上偵察機11型乙	0	7	2	2	WG42 (Wurfgerät 42)	0	0	2	2	20.3cm(3号)連装砲	10	0	2	2	20.3cm(3号)連装砲	10	0	2	2											通常艦隊	通常艦隊
132	2023-09-02 14:59:42	カレー洋リランカ島沖	マップ:4-5 セル:24		勝利S	東洋方面艦隊 新編水上打撃部隊	120	単縦陣	複縦陣	発見!	発見!	制空権確保	反航戦	天山一二型(友永隊)				砲撃戦	Jean Bart改	千歳航改二	千代田航改二	L.d.S.D.d.Abruzzi改	Ташкент改	満潮改二	通常艦隊	1	自軍	0	0	10cm連装高角砲+高射装置			2	38	0	6	489	満潮改二	駆逐艦	49	50	37	37	小破未満	11	8	15	16	12	20	166	高速	77	89	85	54	118	83	85	23	短	10cm連装高角砲+高射装置	10	0	0	0	10cm連装高角砲+高射装置	10	0	0	0	特大発動艇+一式砲戦車	0	0	0	0																1	1566	重巡リ級改 flagship	重巡洋艦			88	88	小破未満			0			0	1	高速	104	90	64	80	0	2	10	0	中	8inch三連装砲					8inch三連装砲					高速深海魚雷					飛び魚偵察機															通常艦隊	通常艦隊
133	2023-09-02 14:59:42	カレー洋リランカ島沖	マップ:4-5 セル:24		勝利S	東洋方面艦隊 新編水上打撃部隊	120	単縦陣	複縦陣	発見!	発見!	制空権確保	反航戦	天山一二型(友永隊)				砲撃戦	Jean Bart改	千歳航改二	千代田航改二	L.d.S.D.d.Abruzzi改	Ташкент改	満潮改二	通常艦隊	1	自軍	7	0	九九式艦爆(江草隊)	天山一二型(友永隊)		1	62	0	3	297	千代田航改二	軽空母	60	61	53	65	小破未満	33	24	45	32	24	40	153	高速	38	14	93	65	89	11	107	17	短	天山一二型(友永隊)	0	7	23	20	九九式艦爆(江草隊)	0	7	15	15	Fw190T改	0	7	11	11	Fw190T改	0	7	8	8											2	1542	戦艦タ級 elite	戦艦			79	88	小破未満			0			0	1	高速	117	0	77	88	0	0	5	0	長	16inch三連装砲					16inch連装砲					12.5inch連装副砲					水上レーダ― Mark.I															通常艦隊	通常艦隊
134	2023-09-02 14:59:42	カレー洋リランカ島沖	マップ:4-5 セル:24		勝利S	東洋方面艦隊 新編水上打撃部隊	120	単縦陣	複縦陣	発見!	発見!	制空権確保	反航戦	天山一二型(友永隊)				砲撃戦	Jean Bart改	千歳航改二	千代田航改二	L.d.S.D.d.Abruzzi改	Ташкент改	満潮改二	通常艦隊	1	自軍	7	0	Fw190T改	九九式艦爆(江草隊)	天山一二型(友永隊)	1	51	0	2	296	千歳航改二	軽空母	59	70	47	65	小破	33	24	45	32	24	40	153	高速	38	14	93	65	89	11	107	17	短	天山一二型(友永隊)	0	7	23	23	九九式艦爆(江草隊)	0	7	16	16	Fw190T改	0	7	11	11	Fw190T改	0	7	8	8											2	1542	戦艦タ級 elite	戦艦			17	88	大破			0			0	1	高速	117	0	77	88	0	0	5	0	長	16inch三連装砲					16inch連装砲					12.5inch連装副砲					水上レーダ― Mark.I															通常艦隊	通常艦隊
135	2023-09-02 14:59:42	カレー洋リランカ島沖	マップ:4-5 セル:24		勝利S	東洋方面艦隊 新編水上打撃部隊	120	単縦陣	複縦陣	発見!	発見!	制空権確保	反航戦	天山一二型(友永隊)				砲撃戦	Jean Bart改	千歳航改二	千代田航改二	L.d.S.D.d.Abruzzi改	Ташкент改	満潮改二	通常艦隊	2	自軍	0	0	46cm三連装砲改			1	41	0	1	724	Jean Bart改	戦艦	93	97	64	96	小破	72	52	100	104	78	130	144	高速	160	0	98	100	90	8	78	27	超長	46cm三連装砲改	10	0	3	3	46cm三連装砲改	10	0	3	3	零式水上偵察機11型乙(熟練)	0	7	3	3	三式弾改二	10	0	3	3											1	1566	重巡リ級改 flagship	重巡洋艦			50	88	小破			0			0	1	高速	104	90	64	80	0	2	10	0	中	8inch三連装砲					8inch三連装砲					高速深海魚雷					飛び魚偵察機															通常艦隊	通常艦隊
136	2023-09-02 14:59:42	カレー洋リランカ島沖	マップ:4-5 セル:24		勝利S	東洋方面艦隊 新編水上打撃部隊	120	単縦陣	複縦陣	発見!	発見!	制空権確保	反航戦	天山一二型(友永隊)				砲撃戦	重巡リ級改	戦艦タ級	戦艦タ級	重巡ネ級	軽巡ツ級	駆逐イ級後期型	通常艦隊	2	敵軍	0	0	8inch三連装砲			1	4	0	1	1566	重巡リ級改 flagship	重巡洋艦			9	88	大破			0			0	1	高速	104	90	64	80	0	2	10	0	中	8inch三連装砲					8inch三連装砲					高速深海魚雷					飛び魚偵察機															4	693	L.d.S.D.d.Abruzzi改	軽巡洋艦	49	50	42	59	小破	29	21	40	44	33	55	163	高速	95	70	79	74	102	87	78	36	中	零式水上偵察機11型乙	0	7	2	2	WG42 (Wurfgerät 42)	0	0	2	2	20.3cm(3号)連装砲	10	0	2	2	20.3cm(3号)連装砲	10	0	2	2											通常艦隊	通常艦隊
137	2023-09-02 14:59:42	カレー洋リランカ島沖	マップ:4-5 セル:24		勝利S	東洋方面艦隊 新編水上打撃部隊	120	単縦陣	複縦陣	発見!	発見!	制空権確保	反航戦	天山一二型(友永隊)				砲撃戦	Jean Bart改	千歳航改二	千代田航改二	L.d.S.D.d.Abruzzi改	Ташкент改	満潮改二	通常艦隊	2	自軍	7	0	Fw190T改	九九式艦爆(江草隊)	天山一二型(友永隊)	2	216	0	2	296	千歳航改二	軽空母	59	70	47	65	小破	33	24	45	32	24	40	153	高速	38	14	93	65	89	11	107	17	短	天山一二型(友永隊)	0	7	23	23	九九式艦爆(江草隊)	0	7	16	16	Fw190T改	0	7	11	11	Fw190T改	0	7	8	8											1	1566	重巡リ級改 flagship	重巡洋艦			9	88	大破			0			0	1	高速	104	90	64	80	0	2	10	0	中	8inch三連装砲					8inch三連装砲					高速深海魚雷					飛び魚偵察機															通常艦隊	通常艦隊
138	2023-09-02 14:59:42	カレー洋リランカ島沖	マップ:4-5 セル:24		勝利S	東洋方面艦隊 新編水上打撃部隊	120	単縦陣	複縦陣	発見!	発見!	制空権確保	反航戦	天山一二型(友永隊)				砲撃戦	重巡リ級改	戦艦タ級	戦艦タ級	重巡ネ級	軽巡ツ級	駆逐イ級後期型	通常艦隊	2	敵軍	0	0	12.5inch連装副砲			0	0	0	3	1542	戦艦タ級 elite	戦艦			57	88	小破			0			0	1	高速	117	0	77	88	0	0	5	0	長	16inch三連装砲					16inch連装砲					12.5inch連装副砲					水上レーダ― Mark.I															1	724	Jean Bart改	戦艦	93	97	64	96	小破	72	52	100	104	78	130	144	高速	160	0	98	100	90	8	78	27	超長	46cm三連装砲改	10	0	3	3	46cm三連装砲改	10	0	3	3	零式水上偵察機11型乙(熟練)	0	7	3	3	三式弾改二	10	0	3	3											通常艦隊	通常艦隊
139	2023-09-02 14:59:42	カレー洋リランカ島沖	マップ:4-5 セル:24		勝利S	東洋方面艦隊 新編水上打撃部隊	120	単縦陣	複縦陣	発見!	発見!	制空権確保	反航戦	天山一二型(友永隊)				砲撃戦	Jean Bart改	千歳航改二	千代田航改二	L.d.S.D.d.Abruzzi改	Ташкент改	満潮改二	通常艦隊	2	自軍	7	0	Fw190T改	九九式艦爆(江草隊)	天山一二型(友永隊)	1	83	0	3	297	千代田航改二	軽空母	60	61	53	65	小破未満	33	24	45	32	24	40	153	高速	38	14	93	65	89	11	107	17	短	天山一二型(友永隊)	0	7	23	20	九九式艦爆(江草隊)	0	7	15	15	Fw190T改	0	7	11	11	Fw190T改	0	7	8	8											3	1542	戦艦タ級 elite	戦艦			57	88	小破			0			0	1	高速	117	0	77	88	0	0	5	0	長	16inch三連装砲					16inch連装砲					12.5inch連装副砲					水上レーダ― Mark.I															通常艦隊	通常艦隊
140	2023-09-02 15:01:30	カレー洋リランカ島沖	マップ:4-5 セル:20	ボス	勝利S	リランカ島港湾守備隊	120	単縦陣	単縦陣	発見!	発見!	航空優勢	同航戦					砲撃戦	Jean Bart改	千歳航改二	千代田航改二	L.d.S.D.d.Abruzzi改	Ташкент改	満潮改二	通常艦隊	1	自軍	0	0	46cm三連装砲改			1	117	0	1	724	Jean Bart改	戦艦	97	85	64	96	小破	52	32	100	78	39	130	144	高速	160	0	98	100	90	8	78	27	超長	46cm三連装砲改	10	0	3	3	46cm三連装砲改	10	0	3	3	零式水上偵察機11型乙(熟練)	0	7	3	3	三式弾改二	10	0	3	3											3	1551	護衛要塞	航空戦艦			62	66	小破未満			0			0	1	高速	63	51	27	50	0	4	5	0	中	8inch三連装砲					深海棲艦戦 Mark.II					深海棲艦攻 Mark.II																				通常艦隊	通常艦隊
141	2023-09-02 15:01:30	カレー洋リランカ島沖	マップ:4-5 セル:20	ボス	勝利S	リランカ島港湾守備隊	120	単縦陣	単縦陣	発見!	発見!	航空優勢	同航戦					砲撃戦	港湾棲姫	護衛要塞	護衛要塞	戦艦ル級改	駆逐ハ級後期型	駆逐ハ級後期型	通常艦隊	1	敵軍	0	0	16inch三連装砲			1	25	0	4	1567	戦艦ル級改 flagship	戦艦			130	130	小破未満			0			0	1	低速	150	0	100	110	0	2	20	0	長	16inch三連装砲					16inch三連装砲					水上レーダ― Mark.II					飛び魚偵察機															4	693	L.d.S.D.d.Abruzzi改	軽巡洋艦	50	43	38	59	小破	21	13	40	33	16	55	163	高速	95	70	79	74	102	87	78	36	中	零式水上偵察機11型乙	0	7	2	2	WG42 (Wurfgerät 42)	0	0	2	2	20.3cm(3号)連装砲	10	0	2	2	20.3cm(3号)連装砲	10	0	2	2											通常艦隊	通常艦隊
142	2023-09-02 15:01:30	カレー洋リランカ島沖	マップ:4-5 セル:20	ボス	勝利S	リランカ島港湾守備隊	120	単縦陣	単縦陣	発見!	発見!	航空優勢	同航戦					砲撃戦	Jean Bart改	千歳航改二	千代田航改二	L.d.S.D.d.Abruzzi改	Ташкент改	満潮改二	通常艦隊	1	自軍	0	0	10cm連装高角砲+高射装置			1	55	0	5	395	Ташкент改	駆逐艦	62	49	45	45	小破未満	8	5	15	21	10	35	155	高速	72	68	93	57	121	103	73	46	中	10cm連装高角砲+高射装置	10	0	0	0	10cm連装高角砲+高射装置	10	0	0	0	13号対空電探改	10	0	0	0	四式水中聴音機	0	0	0	0											6	1577	駆逐ハ級後期型	駆逐艦			38	38	小破未満			0			0	1	高速	46	82	36	29	0	7	0	0	短	5inch連装砲					高速深海魚雷					深海爆雷投射機																				通常艦隊	通常艦隊
143	2023-09-02 15:01:30	カレー洋リランカ島沖	マップ:4-5 セル:20	ボス	勝利S	リランカ島港湾守備隊	120	単縦陣	単縦陣	発見!	発見!	航空優勢	同航戦					砲撃戦	港湾棲姫	護衛要塞	護衛要塞	戦艦ル級改	駆逐ハ級後期型	駆逐ハ級後期型	通常艦隊	1	敵軍	0	0				0	0	0	1	1573	港湾棲姫	航空戦艦			380	380	小破未満			0			0	1	陸上	100	12	159	135	0	10	10	0	超短	深海棲艦戦 Mark.III					深海棲艦爆 Mark.II					深海棲艦攻 Mark.II					深海棲艦攻 Mark.II															4	693	L.d.S.D.d.Abruzzi改	軽巡洋艦	50	43	13	59	大破	21	13	40	33	16	55	163	高速	95	70	79	74	102	87	78	36	中	零式水上偵察機11型乙	0	7	2	2	WG42 (Wurfgerät 42)	0	0	2	2	20.3cm(3号)連装砲	10	0	2	2	20.3cm(3号)連装砲	10	0	2	2											通常艦隊	通常艦隊
144	2023-09-02 15:01:30	カレー洋リランカ島沖	マップ:4-5 セル:20	ボス	勝利S	リランカ島港湾守備隊	120	単縦陣	単縦陣	発見!	発見!	航空優勢	同航戦					砲撃戦	Jean Bart改	千歳航改二	千代田航改二	L.d.S.D.d.Abruzzi改	Ташкент改	満潮改二	通常艦隊	1	自軍	0	0	20.3cm(3号)連装砲			1	29	0	4	693	L.d.S.D.d.Abruzzi改	軽巡洋艦	50	43	13	59	大破	21	13	40	33	16	55	163	高速	95	70	79	74	102	87	78	36	中	零式水上偵察機11型乙	0	7	2	2	WG42 (Wurfgerät 42)	0	0	2	2	20.3cm(3号)連装砲	10	0	2	2	20.3cm(3号)連装砲	10	0	2	2											1	1573	港湾棲姫	航空戦艦			380	380	小破未満			0			0	1	陸上	100	12	159	135	0	10	10	0	超短	深海棲艦戦 Mark.III					深海棲艦爆 Mark.II					深海棲艦攻 Mark.II					深海棲艦攻 Mark.II															通常艦隊	通常艦隊
145	2023-09-02 15:01:30	カレー洋リランカ島沖	マップ:4-5 セル:20	ボス	勝利S	リランカ島港湾守備隊	120	単縦陣	単縦陣	発見!	発見!	航空優勢	同航戦					砲撃戦	Jean Bart改	千歳航改二	千代田航改二	L.d.S.D.d.Abruzzi改	Ташкент改	満潮改二	通常艦隊	1	自軍	0	0	10cm連装高角砲+高射装置			1	16	0	6	489	満潮改二	駆逐艦	50	43	37	37	小破未満	8	5	15	12	6	20	166	高速	77	89	85	54	118	83	85	23	短	10cm連装高角砲+高射装置	10	0	0	0	10cm連装高角砲+高射装置	10	0	0	0	特大発動艇+一式砲戦車	0	0	0	0																4	1567	戦艦ル級改 flagship	戦艦			130	130	小破未満			0			0	1	低速	150	0	100	110	0	2	20	0	長	16inch三連装砲					16inch三連装砲					水上レーダ― Mark.II					飛び魚偵察機															通常艦隊	通常艦隊
146	2023-09-02 15:01:30	カレー洋リランカ島沖	マップ:4-5 セル:20	ボス	勝利S	リランカ島港湾守備隊	120	単縦陣	単縦陣	発見!	発見!	航空優勢	同航戦					砲撃戦	Jean Bart改	千歳航改二	千代田航改二	L.d.S.D.d.Abruzzi改	Ташкент改	満潮改二	通常艦隊	1	自軍	7	0	Fw190T改	九九式艦爆(江草隊)	天山一二型(友永隊)	1	154	0	2	296	千歳航改二	軽空母	70	54	47	65	小破	24	15	45	24	12	40	153	高速	38	14	93	65	89	11	107	17	短	天山一二型(友永隊)	0	7	23	20	九九式艦爆(江草隊)	0	7	16	13	Fw190T改	0	7	11	10	Fw190T改	0	7	8	8											5	1577	駆逐ハ級後期型	駆逐艦			38	38	小破未満			0			0	1	高速	46	82	36	29	0	7	0	0	短	5inch連装砲					高速深海魚雷					深海爆雷投射機																				通常艦隊	通常艦隊
147	2023-09-02 15:01:30	カレー洋リランカ島沖	マップ:4-5 セル:20	ボス	勝利S	リランカ島港湾守備隊	120	単縦陣	単縦陣	発見!	発見!	航空優勢	同航戦					砲撃戦	Jean Bart改	千歳航改二	千代田航改二	L.d.S.D.d.Abruzzi改	Ташкент改	満潮改二	通常艦隊	1	自軍	7	0	九九式艦爆(江草隊)	天山一二型(友永隊)		2	215	0	3	297	千代田航改二	軽空母	61	49	53	65	小破未満	24	15	45	24	12	40	153	高速	38	14	93	65	89	11	107	17	短	天山一二型(友永隊)	0	7	20	16	九九式艦爆(江草隊)	0	7	15	12	Fw190T改	0	7	11	10	Fw190T改	0	7	8	8											4	1567	戦艦ル級改 flagship	戦艦			114	130	小破未満			0			0	1	低速	150	0	100	110	0	2	20	0	長	16inch三連装砲					16inch三連装砲					水上レーダ― Mark.II					飛び魚偵察機															通常艦隊	通常艦隊
148	2023-09-02 15:01:30	カレー洋リランカ島沖	マップ:4-5 セル:20	ボス	勝利S	リランカ島港湾守備隊	120	単縦陣	単縦陣	発見!	発見!	航空優勢	同航戦					砲撃戦	Jean Bart改	千歳航改二	千代田航改二	L.d.S.D.d.Abruzzi改	Ташкент改	満潮改二	通常艦隊	2	自軍	2	0	46cm三連装砲改	46cm三連装砲改		1	22	0	1	724	Jean Bart改	戦艦	97	85	64	96	小破	52	32	100	78	39	130	144	高速	160	0	98	100	90	8	78	27	超長	46cm三連装砲改	10	0	3	3	46cm三連装砲改	10	0	3	3	零式水上偵察機11型乙(熟練)	0	7	3	3	三式弾改二	10	0	3	3											1	1573	港湾棲姫	航空戦艦			351	380	小破未満			0			0	1	陸上	100	12	159	135	0	10	10	0	超短	深海棲艦戦 Mark.III					深海棲艦爆 Mark.II					深海棲艦攻 Mark.II					深海棲艦攻 Mark.II															通常艦隊	通常艦隊
149	2023-09-02 15:01:30	カレー洋リランカ島沖	マップ:4-5 セル:20	ボス	勝利S	リランカ島港湾守備隊	120	単縦陣	単縦陣	発見!	発見!	航空優勢	同航戦					砲撃戦	Jean Bart改	千歳航改二	千代田航改二	L.d.S.D.d.Abruzzi改	Ташкент改	満潮改二	通常艦隊	2	自軍	2	1	46cm三連装砲改	46cm三連装砲改		1	144	0	1	724	Jean Bart改	戦艦	97	85	64	96	小破	52	32	100	78	39	130	144	高速	160	0	98	100	90	8	78	27	超長	46cm三連装砲改	10	0	3	3	46cm三連装砲改	10	0	3	3	零式水上偵察機11型乙(熟練)	0	7	3	3	三式弾改二	10	0	3	3											1	1573	港湾棲姫	航空戦艦			329	380	小破未満			0			0	1	陸上	100	12	159	135	0	10	10	0	超短	深海棲艦戦 Mark.III					深海棲艦爆 Mark.II					深海棲艦攻 Mark.II					深海棲艦攻 Mark.II															通常艦隊	通常艦隊
150	2023-09-02 15:01:30	カレー洋リランカ島沖	マップ:4-5 セル:20	ボス	勝利S	リランカ島港湾守備隊	120	単縦陣	単縦陣	発見!	発見!	航空優勢	同航戦					砲撃戦	Jean Bart改	千歳航改二	千代田航改二	L.d.S.D.d.Abruzzi改	Ташкент改	満潮改二	通常艦隊	2	自軍	0	0	20.3cm(3号)連装砲			1	21	0	4	693	L.d.S.D.d.Abruzzi改	軽巡洋艦	50	43	13	59	大破	21	13	40	33	16	55	163	高速	95	70	79	74	102	87	78	36	中	零式水上偵察機11型乙	0	7	2	2	WG42 (Wurfgerät 42)	0	0	2	2	20.3cm(3号)連装砲	10	0	2	2	20.3cm(3号)連装砲	10	0	2	2											1	1573	港湾棲姫	航空戦艦			185	380	中破			0			0	1	陸上	100	12	159	135	0	10	10	0	超短	深海棲艦戦 Mark.III					深海棲艦爆 Mark.II					深海棲艦攻 Mark.II					深海棲艦攻 Mark.II															通常艦隊	通常艦隊
151	2023-09-02 15:01:30	カレー洋リランカ島沖	マップ:4-5 セル:20	ボス	勝利S	リランカ島港湾守備隊	120	単縦陣	単縦陣	発見!	発見!	航空優勢	同航戦					砲撃戦	Jean Bart改	千歳航改二	千代田航改二	L.d.S.D.d.Abruzzi改	Ташкент改	満潮改二	通常艦隊	2	自軍	0	0	10cm連装高角砲+高射装置			1	10	0	5	395	Ташкент改	駆逐艦	62	49	45	45	小破未満	8	5	15	21	10	35	155	高速	72	68	93	57	121	103	73	46	中	10cm連装高角砲+高射装置	10	0	0	0	10cm連装高角砲+高射装置	10	0	0	0	13号対空電探改	10	0	0	0	四式水中聴音機	0	0	0	0											1	1573	港湾棲姫	航空戦艦			164	380	中破			0			0	1	陸上	100	12	159	135	0	10	10	0	超短	深海棲艦戦 Mark.III					深海棲艦爆 Mark.II					深海棲艦攻 Mark.II					深海棲艦攻 Mark.II															通常艦隊	通常艦隊
152	2023-09-02 15:01:30	カレー洋リランカ島沖	マップ:4-5 セル:20	ボス	勝利S	リランカ島港湾守備隊	120	単縦陣	単縦陣	発見!	発見!	航空優勢	同航戦					砲撃戦	Jean Bart改	千歳航改二	千代田航改二	L.d.S.D.d.Abruzzi改	Ташкент改	満潮改二	通常艦隊	2	自軍	0	0	10cm連装高角砲+高射装置			1	121	0	6	489	満潮改二	駆逐艦	50	43	37	37	小破未満	8	5	15	12	6	20	166	高速	77	89	85	54	118	83	85	23	短	10cm連装高角砲+高射装置	10	0	0	0	10cm連装高角砲+高射装置	10	0	0	0	特大発動艇+一式砲戦車	0	0	0	0																1	1573	港湾棲姫	航空戦艦			154	380	中破			0			0	1	陸上	100	12	159	135	0	10	10	0	超短	深海棲艦戦 Mark.III					深海棲艦爆 Mark.II					深海棲艦攻 Mark.II					深海棲艦攻 Mark.II															通常艦隊	通常艦隊
